Command: vcs -timescale=1ns/1fs -j8 -sverilog +v2k -full64 -Mupdate -R -debug_access+all \
-f filelist.f -o simv -l vcs.log -P /usr/cad/synopsys/verdi/2023.03//share/PLI/VCS/linux64/novas.tab \
/usr/cad/synopsys/verdi/2023.03//share/PLI/VCS/linux64/pli.a -v /home/cell_library/CBDK_IC_Contest_v2.5/Verilog/tsmc13_neg.v \
+define+GATE +maxdelays +neg_tchk +nowarnNTCDSN
*** Using c compiler gcc instead of cc ...
                         Chronologic VCS (TM)
         Version U-2023.03_Full64 -- Sat Feb  1 09:03:51 2025

                    Copyright (c) 1991 - 2023 Synopsys, Inc.
   This software and the associated documentation are proprietary to Synopsys,
 Inc. This software may only be used in accordance with the terms and conditions
 of a written license agreement with Synopsys, Inc. All other use, reproduction,
   or distribution of this software is strictly prohibited.  Licensed Products
     communicate with Synopsys servers for the purpose of providing software
    updates, detecting software piracy and verifying that customers are using
    Licensed Products in conformity with the applicable License Key for such
  Licensed Products. Synopsys will use information gathered in connection with
    this process to deliver software updates and pursue software pirates and
                                   infringers.

 Inclusivity & Diversity - Visit SolvNetPlus to read the "Synopsys Statement on
            Inclusivity and Diversity" (Refer to article 000036315 at
                        https://solvnetplus.synopsys.com)

Parsing design file 'tb.sv'
Parsing included file 'Bicubic_SYN.v'.
Back to file 'tb.sv'.
Parsing design file '../04_MEM/ImgROM.v'
Parsing design file '../04_MEM/ResultSRAM.v'
Parsing library file '/home/cell_library/CBDK_IC_Contest_v2.5/Verilog/tsmc13_neg.v'
Top Level Modules:
       testfixture
TimeScale is 1 ns / 1 ps

Warning-[TFIPC] Too few instance port connections
Bicubic_SYN.v, 1332
Bicubic, "DFFRX1 x_int_reg_4_( .D (n843),  .CK (CLK),  .RN (n9895),  .Q (x_int[4]));"
  The above instance has fewer port connections than the module definition.
  Please use '+lint=TFIPC-L' to print out detailed information of unconnected 
  ports.


Warning-[TFIPC] Too few instance port connections
Bicubic_SYN.v, 1333
Bicubic, "DFFRX1 x_int_reg_3_( .D (n412),  .CK (CLK),  .RN (n9899),  .Q (x_int[3]));"
  The above instance has fewer port connections than the module definition.
  Please use '+lint=TFIPC-L' to print out detailed information of unconnected 
  ports.


Warning-[TFIPC] Too few instance port connections
Bicubic_SYN.v, 1334
Bicubic, "DFFRX1 x_int_reg_2_( .D (n9717),  .CK (CLK),  .RN (n463),  .Q (x_int[2]));"
  The above instance has fewer port connections than the module definition.
  Please use '+lint=TFIPC-L' to print out detailed information of unconnected 
  ports.


Warning-[TFIPC] Too few instance port connections
Bicubic_SYN.v, 1335
Bicubic, "DFFRX1 x_int_reg_1_( .D (n9722),  .CK (CLK),  .RN (n7685),  .Q (x_int[1]));"
  The above instance has fewer port connections than the module definition.
  Please use '+lint=TFIPC-L' to print out detailed information of unconnected 
  ports.


Warning-[TFIPC] Too few instance port connections
Bicubic_SYN.v, 1336
Bicubic, "DFFRX1 y_int_reg_4_( .D (n9718),  .CK (CLK),  .RN (n9900),  .Q (y_int[4]));"
  The above instance has fewer port connections than the module definition.
  Please use '+lint=TFIPC-L' to print out detailed information of unconnected 
  ports.


Warning-[TFIPC] Too few instance port connections
Bicubic_SYN.v, 1337
Bicubic, "DFFRX1 y_int_reg_3_( .D (n9720),  .CK (CLK),  .RN (n463),  .Q (y_int[3]));"
  The above instance has fewer port connections than the module definition.
  Please use '+lint=TFIPC-L' to print out detailed information of unconnected 
  ports.


Warning-[TFIPC] Too few instance port connections
Bicubic_SYN.v, 1338
Bicubic, "DFFRX1 y_int_reg_2_( .D (n9719),  .CK (CLK),  .RN (n9899),  .Q (y_int[2]));"
  The above instance has fewer port connections than the module definition.
  Please use '+lint=TFIPC-L' to print out detailed information of unconnected 
  ports.


Warning-[TFIPC] Too few instance port connections
Bicubic_SYN.v, 1339
Bicubic, "DFFRX1 y_int_reg_1_( .D (n9721),  .CK (CLK),  .RN (n463),  .Q (y_int[1]));"
  The above instance has fewer port connections than the module definition.
  Please use '+lint=TFIPC-L' to print out detailed information of unconnected 
  ports.


Warning-[TFIPC] Too few instance port connections
Bicubic_SYN.v, 1351
Bicubic, "DFFRX1 rom_addr_x_reg_1_( .D (n355),  .CK (CLK),  .RN (n9899),  .Q (rom_addr[1]));"
  The above instance has fewer port connections than the module definition.
  Please use '+lint=TFIPC-L' to print out detailed information of unconnected 
  ports.


Warning-[TFIPC] Too few instance port connections
Bicubic_SYN.v, 1355
Bicubic, "DFFRX1 rom_addr_x_reg_4_( .D (n351),  .CK (CLK),  .RN (n9904),  .Q (rom_addr_x[4]));"
  The above instance has fewer port connections than the module definition.
  Please use '+lint=TFIPC-L' to print out detailed information of unconnected 
  ports.


Warning-[TFIPC] Too few instance port connections
Bicubic_SYN.v, 1357
Bicubic, "DFFRX1 rom_addr_y_reg_4_( .D (n343),  .CK (CLK),  .RN (n9904),  .Q (rom_addr_y[4]));"
  The above instance has fewer port connections than the module definition.
  Please use '+lint=TFIPC-L' to print out detailed information of unconnected 
  ports.


Warning-[TFIPC] Too few instance port connections
Bicubic_SYN.v, 1361
Bicubic, "DFFRX4 div_den_reg_reg_4_( .D (N599),  .CK (CLK),  .RN (n9904),  .Q (div_den_reg[4]));"
  The above instance has fewer port connections than the module definition.
  Please use '+lint=TFIPC-L' to print out detailed information of unconnected 
  ports.


Warning-[TFIPC] Too few instance port connections
Bicubic_SYN.v, 1365
Bicubic, "DFFRX4 div_den_reg_reg_2_( .D (N597),  .CK (CLK),  .RN (n9904),  .Q (div_den_reg[2]));"
  The above instance has fewer port connections than the module definition.
  Please use '+lint=TFIPC-L' to print out detailed information of unconnected 
  ports.


Warning-[TFIPC] Too few instance port connections
Bicubic_SYN.v, 1371
Bicubic, "DFFRX1 div_num_reg_reg_19_( .D (N593),  .CK (CLK),  .RN (n9904),  .Q (div_num_reg[19]));"
  The above instance has fewer port connections than the module definition.
  Please use '+lint=TFIPC-L' to print out detailed information of unconnected 
  ports.


Warning-[TFIPC] Too few instance port connections
Bicubic_SYN.v, 1373
Bicubic, "DFFRX1 div_num_reg_reg_17_( .D (N591),  .CK (CLK),  .RN (n9904),  .Q (div_num_reg[17]));"
  The above instance has fewer port connections than the module definition.
  Please use '+lint=TFIPC-L' to print out detailed information of unconnected 
  ports.


Warning-[TFIPC] Too few instance port connections
Bicubic_SYN.v, 1377
Bicubic, "DFFRX4 a_reg_8_( .D (a_wire[8]),  .CK (CLK),  .RN (n9903),  .Q (a_in[8]));"
  The above instance has fewer port connections than the module definition.
  Please use '+lint=TFIPC-L' to print out detailed information of unconnected 
  ports.


Warning-[TFIPC] Too few instance port connections
Bicubic_SYN.v, 1378
Bicubic, "DFFRX4 a_reg_7_( .D (a_wire[7]),  .CK (CLK),  .RN (n9899),  .Q (a_in[7]));"
  The above instance has fewer port connections than the module definition.
  Please use '+lint=TFIPC-L' to print out detailed information of unconnected 
  ports.


Warning-[TFIPC] Too few instance port connections
Bicubic_SYN.v, 1379
Bicubic, "DFFRX4 a_reg_6_( .D (a_wire[6]),  .CK (CLK),  .RN (n9902),  .Q (a_in[6]));"
  The above instance has fewer port connections than the module definition.
  Please use '+lint=TFIPC-L' to print out detailed information of unconnected 
  ports.


Warning-[TFIPC] Too few instance port connections
Bicubic_SYN.v, 1380
Bicubic, "DFFRX4 a_reg_5_( .D (a_wire[5]),  .CK (CLK),  .RN (n9902),  .Q (a_in[5]));"
  The above instance has fewer port connections than the module definition.
  Please use '+lint=TFIPC-L' to print out detailed information of unconnected 
  ports.


Warning-[TFIPC] Too few instance port connections
Bicubic_SYN.v, 1381
Bicubic, "DFFRX4 a_reg_4_( .D (a_wire[4]),  .CK (CLK),  .RN (n7685),  .Q (a_in[4]));"
  The above instance has fewer port connections than the module definition.
  Please use '+lint=TFIPC-L' to print out detailed information of unconnected 
  ports.


Warning-[TFIPC] Too few instance port connections
Bicubic_SYN.v, 1382
Bicubic, "DFFRX4 a_reg_3_( .D (a_wire[3]),  .CK (CLK),  .RN (n7685),  .Q (a_in[3]));"
  The above instance has fewer port connections than the module definition.
  Please use '+lint=TFIPC-L' to print out detailed information of unconnected 
  ports.


Warning-[TFIPC] Too few instance port connections
Bicubic_SYN.v, 1385
Bicubic, "DFFRX4 a_reg_1_( .D (a_wire[1]),  .CK (CLK),  .RN (n9899),  .Q (a_in[1]));"
  The above instance has fewer port connections than the module definition.
  Please use '+lint=TFIPC-L' to print out detailed information of unconnected 
  ports.


Warning-[TFIPC] Too few instance port connections
Bicubic_SYN.v, 1388
Bicubic, "DFFRX4 b_reg_10_( .D (b_wire[10]),  .CK (CLK),  .RN (n463),  .Q (b_in[10]));"
  The above instance has fewer port connections than the module definition.
  Please use '+lint=TFIPC-L' to print out detailed information of unconnected 
  ports.


Warning-[TFIPC] Too few instance port connections
Bicubic_SYN.v, 1389
Bicubic, "DFFRX2 b_reg_9_( .D (b_wire[9]),  .CK (CLK),  .RN (n9899),  .Q (b_in[9]));"
  The above instance has fewer port connections than the module definition.
  Please use '+lint=TFIPC-L' to print out detailed information of unconnected 
  ports.


Warning-[TFIPC] Too few instance port connections
Bicubic_SYN.v, 1390
Bicubic, "DFFRX4 b_reg_8_( .D (b_wire[8]),  .CK (CLK),  .RN (n7685),  .Q (b_in[8]));"
  The above instance has fewer port connections than the module definition.
  Please use '+lint=TFIPC-L' to print out detailed information of unconnected 
  ports.


Warning-[TFIPC] Too few instance port connections
Bicubic_SYN.v, 1391
Bicubic, "DFFRX4 b_reg_5_( .D (b_wire[5]),  .CK (CLK),  .RN (n9902),  .Q (b_in[5]));"
  The above instance has fewer port connections than the module definition.
  Please use '+lint=TFIPC-L' to print out detailed information of unconnected 
  ports.


Warning-[TFIPC] Too few instance port connections
Bicubic_SYN.v, 1392
Bicubic, "DFFRX2 b_reg_4_( .D (b_wire[4]),  .CK (CLK),  .RN (n9902),  .Q (b_in[4]));"
  The above instance has fewer port connections than the module definition.
  Please use '+lint=TFIPC-L' to print out detailed information of unconnected 
  ports.


Warning-[TFIPC] Too few instance port connections
Bicubic_SYN.v, 1393
Bicubic, "DFFRX2 b_reg_3_( .D (b_wire[3]),  .CK (CLK),  .RN (n9895),  .Q (b_in[3]));"
  The above instance has fewer port connections than the module definition.
  Please use '+lint=TFIPC-L' to print out detailed information of unconnected 
  ports.


Warning-[TFIPC] Too few instance port connections
Bicubic_SYN.v, 1394
Bicubic, "DFFRX4 b_reg_2_( .D (b_wire[2]),  .CK (CLK),  .RN (n9900),  .Q (b_in[2]));"
  The above instance has fewer port connections than the module definition.
  Please use '+lint=TFIPC-L' to print out detailed information of unconnected 
  ports.


Warning-[TFIPC] Too few instance port connections
Bicubic_SYN.v, 1395
Bicubic, "DFFRX2 c_reg_10_( .D (intadd_1_n1),  .CK (CLK),  .RN (n9903),  .Q (c_in[10]));"
  The above instance has fewer port connections than the module definition.
  Please use '+lint=TFIPC-L' to print out detailed information of unconnected 
  ports.


Warning-[TFIPC] Too few instance port connections
Bicubic_SYN.v, 1398
Bicubic, "DFFRX2 c_reg_6_( .D (c_wire[6]),  .CK (CLK),  .RN (n9904),  .Q (c_in[6]));"
  The above instance has fewer port connections than the module definition.
  Please use '+lint=TFIPC-L' to print out detailed information of unconnected 
  ports.


Warning-[TFIPC] Too few instance port connections
Bicubic_SYN.v, 1401
Bicubic, "DFFRX2 c_reg_4_( .D (c_wire[4]),  .CK (CLK),  .RN (n9903),  .Q (c_in[4]));"
  The above instance has fewer port connections than the module definition.
  Please use '+lint=TFIPC-L' to print out detailed information of unconnected 
  ports.


Warning-[TFIPC] Too few instance port connections
Bicubic_SYN.v, 1402
Bicubic, "DFFRX2 c_reg_2_( .D (c_wire[2]),  .CK (CLK),  .RN (n9903),  .Q (c_in[2]));"
  The above instance has fewer port connections than the module definition.
  Please use '+lint=TFIPC-L' to print out detailed information of unconnected 
  ports.


Warning-[TFIPC] Too few instance port connections
Bicubic_SYN.v, 1404
Bicubic, "DFFRX1 var1_reg_15_( .D (n341),  .CK (CLK),  .RN (n463),  .Q (var1_in_47));"
  The above instance has fewer port connections than the module definition.
  Please use '+lint=TFIPC-L' to print out detailed information of unconnected 
  ports.


Warning-[TFIPC] Too few instance port connections
Bicubic_SYN.v, 1405
Bicubic, "DFFRX1 var1_reg_14_( .D (n340),  .CK (CLK),  .RN (n9904),  .Q (var1_in[14]));"
  The above instance has fewer port connections than the module definition.
  Please use '+lint=TFIPC-L' to print out detailed information of unconnected 
  ports.


Warning-[TFIPC] Too few instance port connections
Bicubic_SYN.v, 1406
Bicubic, "DFFRX1 var1_reg_13_( .D (n339),  .CK (CLK),  .RN (n9901),  .Q (var1_in[13]));"
  The above instance has fewer port connections than the module definition.
  Please use '+lint=TFIPC-L' to print out detailed information of unconnected 
  ports.


Warning-[TFIPC] Too few instance port connections
Bicubic_SYN.v, 1407
Bicubic, "DFFRX1 var1_reg_12_( .D (n338),  .CK (CLK),  .RN (n463),  .Q (var1_in[12]));"
  The above instance has fewer port connections than the module definition.
  Please use '+lint=TFIPC-L' to print out detailed information of unconnected 
  ports.


Warning-[TFIPC] Too few instance port connections
Bicubic_SYN.v, 1408
Bicubic, "DFFRX1 var1_reg_11_( .D (n337),  .CK (CLK),  .RN (n9903),  .Q (var1_in[11]));"
  The above instance has fewer port connections than the module definition.
  Please use '+lint=TFIPC-L' to print out detailed information of unconnected 
  ports.


Warning-[TFIPC] Too few instance port connections
Bicubic_SYN.v, 1409
Bicubic, "DFFRX1 var1_reg_10_( .D (n336),  .CK (CLK),  .RN (n9903),  .Q (var1_in[10]));"
  The above instance has fewer port connections than the module definition.
  Please use '+lint=TFIPC-L' to print out detailed information of unconnected 
  ports.


Warning-[TFIPC] Too few instance port connections
Bicubic_SYN.v, 1410
Bicubic, "DFFRX1 var1_reg_9_( .D (n335),  .CK (CLK),  .RN (n9904),  .Q (var1_in[9]));"
  The above instance has fewer port connections than the module definition.
  Please use '+lint=TFIPC-L' to print out detailed information of unconnected 
  ports.


Warning-[TFIPC] Too few instance port connections
Bicubic_SYN.v, 1411
Bicubic, "DFFRX1 var1_reg_8_( .D (n334),  .CK (CLK),  .RN (n463),  .Q (var1_in[8]));"
  The above instance has fewer port connections than the module definition.
  Please use '+lint=TFIPC-L' to print out detailed information of unconnected 
  ports.


Warning-[TFIPC] Too few instance port connections
Bicubic_SYN.v, 1412
Bicubic, "DFFRX1 var1_reg_7_( .D (n333),  .CK (CLK),  .RN (n9904),  .Q (var1_in[7]));"
  The above instance has fewer port connections than the module definition.
  Please use '+lint=TFIPC-L' to print out detailed information of unconnected 
  ports.


Warning-[TFIPC] Too few instance port connections
Bicubic_SYN.v, 1413
Bicubic, "DFFRX1 var1_reg_6_( .D (n332),  .CK (CLK),  .RN (n9901),  .Q (var1_in[6]));"
  The above instance has fewer port connections than the module definition.
  Please use '+lint=TFIPC-L' to print out detailed information of unconnected 
  ports.


Warning-[TFIPC] Too few instance port connections
Bicubic_SYN.v, 1414
Bicubic, "DFFRX1 var1_reg_5_( .D (n331),  .CK (CLK),  .RN (n463),  .Q (var1_in[5]));"
  The above instance has fewer port connections than the module definition.
  Please use '+lint=TFIPC-L' to print out detailed information of unconnected 
  ports.


Warning-[TFIPC] Too few instance port connections
Bicubic_SYN.v, 1415
Bicubic, "DFFRX1 var1_reg_4_( .D (n330),  .CK (CLK),  .RN (n9898),  .Q (var1_in[4]));"
  The above instance has fewer port connections than the module definition.
  Please use '+lint=TFIPC-L' to print out detailed information of unconnected 
  ports.


Warning-[TFIPC] Too few instance port connections
Bicubic_SYN.v, 1416
Bicubic, "DFFRX1 var1_reg_3_( .D (n329),  .CK (CLK),  .RN (n9903),  .Q (var1_in[3]));"
  The above instance has fewer port connections than the module definition.
  Please use '+lint=TFIPC-L' to print out detailed information of unconnected 
  ports.


Warning-[TFIPC] Too few instance port connections
Bicubic_SYN.v, 1417
Bicubic, "DFFRX1 var1_reg_2_( .D (n328),  .CK (CLK),  .RN (n9903),  .Q (var1_in[2]));"
  The above instance has fewer port connections than the module definition.
  Please use '+lint=TFIPC-L' to print out detailed information of unconnected 
  ports.


Warning-[TFIPC] Too few instance port connections
Bicubic_SYN.v, 1418
Bicubic, "DFFRX1 var1_reg_1_( .D (n327),  .CK (CLK),  .RN (n9903),  .Q (var1_in[1]));"
  The above instance has fewer port connections than the module definition.
  Please use '+lint=TFIPC-L' to print out detailed information of unconnected 
  ports.


Warning-[TFIPC] Too few instance port connections
Bicubic_SYN.v, 1419
Bicubic, "DFFRX1 a_x_3_reg_39_( .D (a_x_3_wire[39]),  .CK (CLK),  .RN (n9900),  .Q (a_x_3[39]));"
  The above instance has fewer port connections than the module definition.
  Please use '+lint=TFIPC-L' to print out detailed information of unconnected 
  ports.


Warning-[TFIPC] Too few instance port connections
Bicubic_SYN.v, 1421
Bicubic, "DFFRX1 a_x_3_reg_38_( .D (a_x_3_wire[38]),  .CK (CLK),  .RN (n9900),  .Q (a_x_3[38]));"
  The above instance has fewer port connections than the module definition.
  Please use '+lint=TFIPC-L' to print out detailed information of unconnected 
  ports.


Warning-[TFIPC] Too few instance port connections
Bicubic_SYN.v, 1423
Bicubic, "DFFRX1 a_x_3_reg_37_( .D (a_x_3_wire[37]),  .CK (CLK),  .RN (n9900),  .Q (a_x_3[37]));"
  The above instance has fewer port connections than the module definition.
  Please use '+lint=TFIPC-L' to print out detailed information of unconnected 
  ports.


Warning-[TFIPC] Too few instance port connections
Bicubic_SYN.v, 1425
Bicubic, "DFFRX1 a_x_3_reg_36_( .D (a_x_3_wire[36]),  .CK (CLK),  .RN (n9900),  .Q (a_x_3[36]));"
  The above instance has fewer port connections than the module definition.
  Please use '+lint=TFIPC-L' to print out detailed information of unconnected 
  ports.


Warning-[TFIPC] Too few instance port connections
Bicubic_SYN.v, 1427
Bicubic, "DFFRX1 a_x_3_reg_35_( .D (a_x_3_wire[35]),  .CK (CLK),  .RN (n9900),  .Q (a_x_3[35]));"
  The above instance has fewer port connections than the module definition.
  Please use '+lint=TFIPC-L' to print out detailed information of unconnected 
  ports.


Warning-[TFIPC] Too few instance port connections
Bicubic_SYN.v, 1429
Bicubic, "DFFRX1 a_x_3_reg_34_( .D (a_x_3_wire[34]),  .CK (CLK),  .RN (n9900),  .Q (a_x_3[34]));"
  The above instance has fewer port connections than the module definition.
  Please use '+lint=TFIPC-L' to print out detailed information of unconnected 
  ports.


Warning-[TFIPC] Too few instance port connections
Bicubic_SYN.v, 1431
Bicubic, "DFFRX1 a_x_3_reg_33_( .D (a_x_3_wire[33]),  .CK (CLK),  .RN (n463),  .Q (a_x_3[33]));"
  The above instance has fewer port connections than the module definition.
  Please use '+lint=TFIPC-L' to print out detailed information of unconnected 
  ports.


Warning-[TFIPC] Too few instance port connections
Bicubic_SYN.v, 1432
Bicubic, "DFFRX1 a_x_3_reg_32_( .D (a_x_3_wire[32]),  .CK (CLK),  .RN (n463),  .Q (a_x_3[32]));"
  The above instance has fewer port connections than the module definition.
  Please use '+lint=TFIPC-L' to print out detailed information of unconnected 
  ports.


Warning-[TFIPC] Too few instance port connections
Bicubic_SYN.v, 1433
Bicubic, "DFFRX1 a_x_3_reg_31_( .D (a_x_3_wire[31]),  .CK (CLK),  .RN (n463),  .Q (a_x_3[31]));"
  The above instance has fewer port connections than the module definition.
  Please use '+lint=TFIPC-L' to print out detailed information of unconnected 
  ports.


Warning-[TFIPC] Too few instance port connections
Bicubic_SYN.v, 1434
Bicubic, "DFFRX1 a_x_3_reg_30_( .D (a_x_3_wire[30]),  .CK (CLK),  .RN (n463),  .Q (a_x_3[30]));"
  The above instance has fewer port connections than the module definition.
  Please use '+lint=TFIPC-L' to print out detailed information of unconnected 
  ports.


Warning-[TFIPC] Too few instance port connections
Bicubic_SYN.v, 1435
Bicubic, "DFFRX1 a_x_3_reg_29_( .D (a_x_3_wire[29]),  .CK (CLK),  .RN (n463),  .Q (a_x_3[29]));"
  The above instance has fewer port connections than the module definition.
  Please use '+lint=TFIPC-L' to print out detailed information of unconnected 
  ports.


Warning-[TFIPC] Too few instance port connections
Bicubic_SYN.v, 1436
Bicubic, "DFFRX1 a_x_3_reg_28_( .D (a_x_3_wire[28]),  .CK (CLK),  .RN (n463),  .Q (a_x_3[28]));"
  The above instance has fewer port connections than the module definition.
  Please use '+lint=TFIPC-L' to print out detailed information of unconnected 
  ports.


Warning-[TFIPC] Too few instance port connections
Bicubic_SYN.v, 1437
Bicubic, "DFFRX1 a_x_3_reg_27_( .D (a_x_3_wire[27]),  .CK (CLK),  .RN (n463),  .Q (a_x_3[27]));"
  The above instance has fewer port connections than the module definition.
  Please use '+lint=TFIPC-L' to print out detailed information of unconnected 
  ports.


Warning-[TFIPC] Too few instance port connections
Bicubic_SYN.v, 1438
Bicubic, "DFFRX1 a_x_3_reg_26_( .D (a_x_3_wire[26]),  .CK (CLK),  .RN (n463),  .Q (a_x_3[26]));"
  The above instance has fewer port connections than the module definition.
  Please use '+lint=TFIPC-L' to print out detailed information of unconnected 
  ports.


Warning-[TFIPC] Too few instance port connections
Bicubic_SYN.v, 1439
Bicubic, "DFFRX1 a_x_3_reg_25_( .D (a_x_3_wire[25]),  .CK (CLK),  .RN (n463),  .Q (a_x_3[25]));"
  The above instance has fewer port connections than the module definition.
  Please use '+lint=TFIPC-L' to print out detailed information of unconnected 
  ports.


Warning-[TFIPC] Too few instance port connections
Bicubic_SYN.v, 1440
Bicubic, "DFFRX1 a_x_3_reg_24_( .D (a_x_3_wire[24]),  .CK (CLK),  .RN (n463),  .Q (a_x_3[24]));"
  The above instance has fewer port connections than the module definition.
  Please use '+lint=TFIPC-L' to print out detailed information of unconnected 
  ports.


Warning-[TFIPC] Too few instance port connections
Bicubic_SYN.v, 1441
Bicubic, "DFFRX1 a_x_3_reg_23_( .D (a_x_3_wire[23]),  .CK (CLK),  .RN (n463),  .Q (a_x_3[23]));"
  The above instance has fewer port connections than the module definition.
  Please use '+lint=TFIPC-L' to print out detailed information of unconnected 
  ports.


Warning-[TFIPC] Too few instance port connections
Bicubic_SYN.v, 1442
Bicubic, "DFFRX1 a_x_3_reg_22_( .D (a_x_3_wire[22]),  .CK (CLK),  .RN (n463),  .Q (a_x_3[22]));"
  The above instance has fewer port connections than the module definition.
  Please use '+lint=TFIPC-L' to print out detailed information of unconnected 
  ports.


Warning-[TFIPC] Too few instance port connections
Bicubic_SYN.v, 1443
Bicubic, "DFFRX1 a_x_3_reg_21_( .D (a_x_3_wire[21]),  .CK (CLK),  .RN (n9904),  .Q (a_x_3[21]));"
  The above instance has fewer port connections than the module definition.
  Please use '+lint=TFIPC-L' to print out detailed information of unconnected 
  ports.


Warning-[TFIPC] Too few instance port connections
Bicubic_SYN.v, 1445
Bicubic, "DFFRX1 a_x_3_reg_20_( .D (a_x_3_wire[20]),  .CK (CLK),  .RN (n9900),  .Q (a_x_3[20]));"
  The above instance has fewer port connections than the module definition.
  Please use '+lint=TFIPC-L' to print out detailed information of unconnected 
  ports.


Warning-[TFIPC] Too few instance port connections
Bicubic_SYN.v, 1447
Bicubic, "DFFRX1 a_x_3_reg_19_( .D (a_x_3_wire[19]),  .CK (CLK),  .RN (n9903),  .Q (a_x_3[19]));"
  The above instance has fewer port connections than the module definition.
  Please use '+lint=TFIPC-L' to print out detailed information of unconnected 
  ports.


Warning-[TFIPC] Too few instance port connections
Bicubic_SYN.v, 1449
Bicubic, "DFFRX1 a_x_3_reg_18_( .D (a_x_3_wire[18]),  .CK (CLK),  .RN (n9903),  .Q (a_x_3[18]));"
  The above instance has fewer port connections than the module definition.
  Please use '+lint=TFIPC-L' to print out detailed information of unconnected 
  ports.


Warning-[TFIPC] Too few instance port connections
Bicubic_SYN.v, 1451
Bicubic, "DFFRX1 a_x_3_reg_17_( .D (a_x_3_wire[17]),  .CK (CLK),  .RN (n9903),  .Q (a_x_3[17]));"
  The above instance has fewer port connections than the module definition.
  Please use '+lint=TFIPC-L' to print out detailed information of unconnected 
  ports.


Warning-[TFIPC] Too few instance port connections
Bicubic_SYN.v, 1453
Bicubic, "DFFRX1 a_x_3_reg_16_( .D (a_x_3_wire[16]),  .CK (CLK),  .RN (n9903),  .Q (a_x_3[16]));"
  The above instance has fewer port connections than the module definition.
  Please use '+lint=TFIPC-L' to print out detailed information of unconnected 
  ports.


Warning-[TFIPC] Too few instance port connections
Bicubic_SYN.v, 1455
Bicubic, "DFFRX1 a_x_3_reg_15_( .D (a_x_3_wire[15]),  .CK (CLK),  .RN (n9903),  .Q (a_x_3[15]));"
  The above instance has fewer port connections than the module definition.
  Please use '+lint=TFIPC-L' to print out detailed information of unconnected 
  ports.


Warning-[TFIPC] Too few instance port connections
Bicubic_SYN.v, 1457
Bicubic, "DFFRX1 b_x_2_reg_28_( .D (b_x_2_wire[28]),  .CK (CLK),  .RN (n9903),  .Q (b_x_2[28]));"
  The above instance has fewer port connections than the module definition.
  Please use '+lint=TFIPC-L' to print out detailed information of unconnected 
  ports.


Warning-[TFIPC] Too few instance port connections
Bicubic_SYN.v, 1459
Bicubic, "DFFRX1 b_x_2_reg_27_( .D (b_x_2_wire[27]),  .CK (CLK),  .RN (n9904),  .Q (b_x_2[27]));"
  The above instance has fewer port connections than the module definition.
  Please use '+lint=TFIPC-L' to print out detailed information of unconnected 
  ports.


Warning-[TFIPC] Too few instance port connections
Bicubic_SYN.v, 1461
Bicubic, "DFFRX1 b_x_2_reg_26_( .D (b_x_2_wire[26]),  .CK (CLK),  .RN (n9904),  .Q (b_x_2[26]));"
  The above instance has fewer port connections than the module definition.
  Please use '+lint=TFIPC-L' to print out detailed information of unconnected 
  ports.


Warning-[TFIPC] Too few instance port connections
Bicubic_SYN.v, 1463
Bicubic, "DFFRX1 b_x_2_reg_25_( .D (b_x_2_wire[25]),  .CK (CLK),  .RN (n9904),  .Q (b_x_2[25]));"
  The above instance has fewer port connections than the module definition.
  Please use '+lint=TFIPC-L' to print out detailed information of unconnected 
  ports.


Warning-[TFIPC] Too few instance port connections
Bicubic_SYN.v, 1465
Bicubic, "DFFRX1 b_x_2_reg_24_( .D (b_x_2_wire[24]),  .CK (CLK),  .RN (n9904),  .Q (b_x_2[24]));"
  The above instance has fewer port connections than the module definition.
  Please use '+lint=TFIPC-L' to print out detailed information of unconnected 
  ports.


Warning-[TFIPC] Too few instance port connections
Bicubic_SYN.v, 1467
Bicubic, "DFFRX1 b_x_2_reg_23_( .D (b_x_2_wire[23]),  .CK (CLK),  .RN (n9904),  .Q (b_x_2[23]));"
  The above instance has fewer port connections than the module definition.
  Please use '+lint=TFIPC-L' to print out detailed information of unconnected 
  ports.


Warning-[TFIPC] Too few instance port connections
Bicubic_SYN.v, 1469
Bicubic, "DFFRX1 b_x_2_reg_22_( .D (b_x_2_wire[22]),  .CK (CLK),  .RN (n9904),  .Q (b_x_2[22]));"
  The above instance has fewer port connections than the module definition.
  Please use '+lint=TFIPC-L' to print out detailed information of unconnected 
  ports.


Warning-[TFIPC] Too few instance port connections
Bicubic_SYN.v, 1471
Bicubic, "DFFRX1 b_x_2_reg_21_( .D (b_x_2_wire[21]),  .CK (CLK),  .RN (n9904),  .Q (b_x_2[21]));"
  The above instance has fewer port connections than the module definition.
  Please use '+lint=TFIPC-L' to print out detailed information of unconnected 
  ports.


Warning-[TFIPC] Too few instance port connections
Bicubic_SYN.v, 1473
Bicubic, "DFFRX1 b_x_2_reg_20_( .D (b_x_2_wire[20]),  .CK (CLK),  .RN (n9904),  .Q (b_x_2[20]));"
  The above instance has fewer port connections than the module definition.
  Please use '+lint=TFIPC-L' to print out detailed information of unconnected 
  ports.


Warning-[TFIPC] Too few instance port connections
Bicubic_SYN.v, 1475
Bicubic, "DFFRX1 b_x_2_reg_19_( .D (b_x_2_wire[19]),  .CK (CLK),  .RN (n9901),  .Q (b_x_2[19]));"
  The above instance has fewer port connections than the module definition.
  Please use '+lint=TFIPC-L' to print out detailed information of unconnected 
  ports.


Warning-[TFIPC] Too few instance port connections
Bicubic_SYN.v, 1477
Bicubic, "DFFRX1 b_x_2_reg_18_( .D (b_x_2_wire[18]),  .CK (CLK),  .RN (n9904),  .Q (b_x_2[18]));"
  The above instance has fewer port connections than the module definition.
  Please use '+lint=TFIPC-L' to print out detailed information of unconnected 
  ports.


Warning-[TFIPC] Too few instance port connections
Bicubic_SYN.v, 1479
Bicubic, "DFFRX1 b_x_2_reg_17_( .D (b_x_2_wire[17]),  .CK (CLK),  .RN (n9904),  .Q (b_x_2[17]));"
  The above instance has fewer port connections than the module definition.
  Please use '+lint=TFIPC-L' to print out detailed information of unconnected 
  ports.


Warning-[TFIPC] Too few instance port connections
Bicubic_SYN.v, 1481
Bicubic, "DFFRX1 b_x_2_reg_16_( .D (b_x_2_wire[16]),  .CK (CLK),  .RN (n9904),  .Q (b_x_2[16]));"
  The above instance has fewer port connections than the module definition.
  Please use '+lint=TFIPC-L' to print out detailed information of unconnected 
  ports.


Warning-[TFIPC] Too few instance port connections
Bicubic_SYN.v, 1483
Bicubic, "DFFRX1 b_x_2_reg_15_( .D (b_x_2_wire[15]),  .CK (CLK),  .RN (n9901),  .Q (b_x_2[15]));"
  The above instance has fewer port connections than the module definition.
  Please use '+lint=TFIPC-L' to print out detailed information of unconnected 
  ports.


Warning-[TFIPC] Too few instance port connections
Bicubic_SYN.v, 1485
Bicubic, "DFFRX1 b_x_2_reg_14_( .D (b_x_2_wire[14]),  .CK (CLK),  .RN (n9901),  .Q (b_x_2[14]));"
  The above instance has fewer port connections than the module definition.
  Please use '+lint=TFIPC-L' to print out detailed information of unconnected 
  ports.


Warning-[TFIPC] Too few instance port connections
Bicubic_SYN.v, 1487
Bicubic, "DFFRX1 b_x_2_reg_13_( .D (b_x_2_wire[13]),  .CK (CLK),  .RN (n9901),  .Q (b_x_2[13]));"
  The above instance has fewer port connections than the module definition.
  Please use '+lint=TFIPC-L' to print out detailed information of unconnected 
  ports.


Warning-[TFIPC] Too few instance port connections
Bicubic_SYN.v, 1489
Bicubic, "DFFRX1 b_x_2_reg_12_( .D (b_x_2_wire[12]),  .CK (CLK),  .RN (n9901),  .Q (b_x_2[12]));"
  The above instance has fewer port connections than the module definition.
  Please use '+lint=TFIPC-L' to print out detailed information of unconnected 
  ports.


Warning-[TFIPC] Too few instance port connections
Bicubic_SYN.v, 1491
Bicubic, "DFFRX1 b_x_2_reg_11_( .D (b_x_2_wire[11]),  .CK (CLK),  .RN (n9901),  .Q (b_x_2[11]));"
  The above instance has fewer port connections than the module definition.
  Please use '+lint=TFIPC-L' to print out detailed information of unconnected 
  ports.


Warning-[TFIPC] Too few instance port connections
Bicubic_SYN.v, 1493
Bicubic, "DFFRX1 b_x_2_reg_10_( .D (b_x_2_wire[10]),  .CK (CLK),  .RN (n9901),  .Q (b_x_2[10]));"
  The above instance has fewer port connections than the module definition.
  Please use '+lint=TFIPC-L' to print out detailed information of unconnected 
  ports.


Warning-[TFIPC] Too few instance port connections
Bicubic_SYN.v, 1495
Bicubic, "DFFRX1 b_x_2_reg_9_( .D (b_x_2_wire[9]),  .CK (CLK),  .RN (n9901),  .Q (b_x_2[9]));"
  The above instance has fewer port connections than the module definition.
  Please use '+lint=TFIPC-L' to print out detailed information of unconnected 
  ports.


Warning-[TFIPC] Too few instance port connections
Bicubic_SYN.v, 1497
Bicubic, "DFFRX1 b_x_2_reg_8_( .D (b_x_2_wire[8]),  .CK (CLK),  .RN (n9901),  .Q (b_x_2[8]));"
  The above instance has fewer port connections than the module definition.
  Please use '+lint=TFIPC-L' to print out detailed information of unconnected 
  ports.


Warning-[TFIPC] Too few instance port connections
Bicubic_SYN.v, 1499
Bicubic, "DFFRX1 b_x_2_reg_7_( .D (b_x_2_wire[7]),  .CK (CLK),  .RN (n9901),  .Q (b_x_2[7]));"
  The above instance has fewer port connections than the module definition.
  Please use '+lint=TFIPC-L' to print out detailed information of unconnected 
  ports.


Warning-[TFIPC] Too few instance port connections
Bicubic_SYN.v, 1501
Bicubic, "DFFRX1 b_x_2_reg_6_( .D (b_x_2_wire[6]),  .CK (CLK),  .RN (n9901),  .Q (b_x_2[6]));"
  The above instance has fewer port connections than the module definition.
  Please use '+lint=TFIPC-L' to print out detailed information of unconnected 
  ports.


Warning-[TFIPC] Too few instance port connections
Bicubic_SYN.v, 1503
Bicubic, "DFFRX1 b_x_2_reg_5_( .D (b_x_2_wire[5]),  .CK (CLK),  .RN (n9900),  .Q (b_x_2[5]));"
  The above instance has fewer port connections than the module definition.
  Please use '+lint=TFIPC-L' to print out detailed information of unconnected 
  ports.


Warning-[TFIPC] Too few instance port connections
Bicubic_SYN.v, 1505
Bicubic, "DFFRX1 b_x_2_reg_4_( .D (b_x_2_wire[4]),  .CK (CLK),  .RN (n463),  .Q (b_x_2[4]));"
  The above instance has fewer port connections than the module definition.
  Please use '+lint=TFIPC-L' to print out detailed information of unconnected 
  ports.


Warning-[TFIPC] Too few instance port connections
Bicubic_SYN.v, 1507
Bicubic, "DFFRX1 b_x_2_reg_3_( .D (b_x_2_wire[3]),  .CK (CLK),  .RN (n9899),  .Q (b_x_2[3]));"
  The above instance has fewer port connections than the module definition.
  Please use '+lint=TFIPC-L' to print out detailed information of unconnected 
  ports.


Warning-[TFIPC] Too few instance port connections
Bicubic_SYN.v, 1509
Bicubic, "DFFRX1 b_x_2_reg_2_( .D (b_x_2_wire[2]),  .CK (CLK),  .RN (n9900),  .Q (b_x_2[2]));"
  The above instance has fewer port connections than the module definition.
  Please use '+lint=TFIPC-L' to print out detailed information of unconnected 
  ports.


Warning-[TFIPC] Too few instance port connections
Bicubic_SYN.v, 1511
Bicubic, "DFFRX1 b_x_2_reg_1_( .D (b_x_2_wire[1]),  .CK (CLK),  .RN (n9900),  .Q (b_x_2[1]));"
  The above instance has fewer port connections than the module definition.
  Please use '+lint=TFIPC-L' to print out detailed information of unconnected 
  ports.


Warning-[TFIPC] Too few instance port connections
Bicubic_SYN.v, 1513
Bicubic, "DFFRX1 b_x_2_reg_0_( .D (n9723),  .CK (CLK),  .RN (n7685),  .Q (b_x_2[0]));"
  The above instance has fewer port connections than the module definition.
  Please use '+lint=TFIPC-L' to print out detailed information of unconnected 
  ports.


Warning-[TFIPC] Too few instance port connections
Bicubic_SYN.v, 1514
Bicubic, "DFFRX1 c_x_1_reg_22_( .D (c_x_1_wire[22]),  .CK (CLK),  .RN (n9902),  .Q (c_x_1[22]));"
  The above instance has fewer port connections than the module definition.
  Please use '+lint=TFIPC-L' to print out detailed information of unconnected 
  ports.


Warning-[TFIPC] Too few instance port connections
Bicubic_SYN.v, 1516
Bicubic, "DFFRX1 c_x_1_reg_19_( .D (c_x_1_wire[19]),  .CK (CLK),  .RN (n9900),  .Q (c_x_1[19]));"
  The above instance has fewer port connections than the module definition.
  Please use '+lint=TFIPC-L' to print out detailed information of unconnected 
  ports.


Warning-[TFIPC] Too few instance port connections
Bicubic_SYN.v, 1518
Bicubic, "DFFRX1 c_x_1_reg_18_( .D (c_x_1_wire[18]),  .CK (CLK),  .RN (n7685),  .Q (c_x_1[18]));"
  The above instance has fewer port connections than the module definition.
  Please use '+lint=TFIPC-L' to print out detailed information of unconnected 
  ports.


Warning-[TFIPC] Too few instance port connections
Bicubic_SYN.v, 1520
Bicubic, "DFFRX1 c_x_1_reg_17_( .D (c_x_1_wire[17]),  .CK (CLK),  .RN (n9902),  .Q (c_x_1[17]));"
  The above instance has fewer port connections than the module definition.
  Please use '+lint=TFIPC-L' to print out detailed information of unconnected 
  ports.


Warning-[TFIPC] Too few instance port connections
Bicubic_SYN.v, 1522
Bicubic, "DFFRX1 c_x_1_reg_16_( .D (c_x_1_wire[16]),  .CK (CLK),  .RN (n9899),  .Q (c_x_1[16]));"
  The above instance has fewer port connections than the module definition.
  Please use '+lint=TFIPC-L' to print out detailed information of unconnected 
  ports.


Warning-[TFIPC] Too few instance port connections
Bicubic_SYN.v, 1524
Bicubic, "DFFRX1 c_x_1_reg_15_( .D (c_x_1_wire[15]),  .CK (CLK),  .RN (n9903),  .Q (c_x_1[15]));"
  The above instance has fewer port connections than the module definition.
  Please use '+lint=TFIPC-L' to print out detailed information of unconnected 
  ports.


Warning-[TFIPC] Too few instance port connections
Bicubic_SYN.v, 1526
Bicubic, "DFFRX1 c_x_1_reg_14_( .D (c_x_1_wire[14]),  .CK (CLK),  .RN (n9899),  .Q (c_x_1[14]));"
  The above instance has fewer port connections than the module definition.
  Please use '+lint=TFIPC-L' to print out detailed information of unconnected 
  ports.


Warning-[TFIPC] Too few instance port connections
Bicubic_SYN.v, 1528
Bicubic, "DFFRX1 c_x_1_reg_13_( .D (c_x_1_wire[13]),  .CK (CLK),  .RN (n9900),  .Q (c_x_1[13]));"
  The above instance has fewer port connections than the module definition.
  Please use '+lint=TFIPC-L' to print out detailed information of unconnected 
  ports.


Warning-[TFIPC] Too few instance port connections
Bicubic_SYN.v, 1530
Bicubic, "DFFRX1 c_x_1_reg_12_( .D (c_x_1_wire[12]),  .CK (CLK),  .RN (n9903),  .Q (c_x_1[12]));"
  The above instance has fewer port connections than the module definition.
  Please use '+lint=TFIPC-L' to print out detailed information of unconnected 
  ports.


Warning-[TFIPC] Too few instance port connections
Bicubic_SYN.v, 1532
Bicubic, "DFFRX1 c_x_1_reg_11_( .D (c_x_1_wire[11]),  .CK (CLK),  .RN (n9899),  .Q (c_x_1[11]));"
  The above instance has fewer port connections than the module definition.
  Please use '+lint=TFIPC-L' to print out detailed information of unconnected 
  ports.


Warning-[TFIPC] Too few instance port connections
Bicubic_SYN.v, 1534
Bicubic, "DFFRX1 c_x_1_reg_10_( .D (c_x_1_wire[10]),  .CK (CLK),  .RN (n9899),  .Q (c_x_1[10]));"
  The above instance has fewer port connections than the module definition.
  Please use '+lint=TFIPC-L' to print out detailed information of unconnected 
  ports.


Warning-[TFIPC] Too few instance port connections
Bicubic_SYN.v, 1536
Bicubic, "DFFRX1 c_x_1_reg_9_( .D (c_x_1_wire[9]),  .CK (CLK),  .RN (n9902),  .Q (c_x_1[9]));"
  The above instance has fewer port connections than the module definition.
  Please use '+lint=TFIPC-L' to print out detailed information of unconnected 
  ports.


Warning-[TFIPC] Too few instance port connections
Bicubic_SYN.v, 1538
Bicubic, "DFFRX1 c_x_1_reg_8_( .D (c_x_1_wire[8]),  .CK (CLK),  .RN (n463),  .Q (c_x_1[8]));"
  The above instance has fewer port connections than the module definition.
  Please use '+lint=TFIPC-L' to print out detailed information of unconnected 
  ports.


Warning-[TFIPC] Too few instance port connections
Bicubic_SYN.v, 1540
Bicubic, "DFFRX1 c_x_1_reg_7_( .D (c_x_1_wire[7]),  .CK (CLK),  .RN (n463),  .Q (c_x_1[7]));"
  The above instance has fewer port connections than the module definition.
  Please use '+lint=TFIPC-L' to print out detailed information of unconnected 
  ports.


Warning-[TFIPC] Too few instance port connections
Bicubic_SYN.v, 1542
Bicubic, "DFFRX1 c_x_1_reg_6_( .D (c_x_1_wire[6]),  .CK (CLK),  .RN (n463),  .Q (c_x_1[6]));"
  The above instance has fewer port connections than the module definition.
  Please use '+lint=TFIPC-L' to print out detailed information of unconnected 
  ports.


Warning-[TFIPC] Too few instance port connections
Bicubic_SYN.v, 1544
Bicubic, "DFFRX1 c_x_1_reg_5_( .D (c_x_1_wire[5]),  .CK (CLK),  .RN (n463),  .Q (c_x_1[5]));"
  The above instance has fewer port connections than the module definition.
  Please use '+lint=TFIPC-L' to print out detailed information of unconnected 
  ports.


Warning-[TFIPC] Too few instance port connections
Bicubic_SYN.v, 1546
Bicubic, "DFFRX1 c_x_1_reg_4_( .D (c_x_1_wire[4]),  .CK (CLK),  .RN (n463),  .Q (c_x_1[4]));"
  The above instance has fewer port connections than the module definition.
  Please use '+lint=TFIPC-L' to print out detailed information of unconnected 
  ports.


Warning-[TFIPC] Too few instance port connections
Bicubic_SYN.v, 1548
Bicubic, "DFFRX1 c_x_1_reg_3_( .D (c_x_1_wire[3]),  .CK (CLK),  .RN (n463),  .Q (c_x_1[3]));"
  The above instance has fewer port connections than the module definition.
  Please use '+lint=TFIPC-L' to print out detailed information of unconnected 
  ports.


Warning-[TFIPC] Too few instance port connections
Bicubic_SYN.v, 1550
Bicubic, "DFFRX1 c_x_1_reg_2_( .D (c_x_1_wire[2]),  .CK (CLK),  .RN (n463),  .Q (c_x_1[2]));"
  The above instance has fewer port connections than the module definition.
  Please use '+lint=TFIPC-L' to print out detailed information of unconnected 
  ports.


Warning-[TFIPC] Too few instance port connections
Bicubic_SYN.v, 1552
Bicubic, "DFFRX1 c_x_1_reg_1_( .D (n9836),  .CK (CLK),  .RN (n463),  .Q (c_x_1[1]));"
  The above instance has fewer port connections than the module definition.
  Please use '+lint=TFIPC-L' to print out detailed information of unconnected 
  ports.


Warning-[TFIPC] Too few instance port connections
Bicubic_SYN.v, 1553
Bicubic, "DFFRX1 c_x_1_reg_0_( .D (c_x_1_wire[0]),  .CK (CLK),  .RN (n463),  .Q (c_x_1[0]));"
  The above instance has fewer port connections than the module definition.
  Please use '+lint=TFIPC-L' to print out detailed information of unconnected 
  ports.


Warning-[TFIPC] Too few instance port connections
Bicubic_SYN.v, 1555
Bicubic, "DFFRX1 p_int_reg_reg_11_( .D (p_num_wire[57]),  .CK (CLK),  .RN (n463),  .Q (p_int_reg[11]));"
  The above instance has fewer port connections than the module definition.
  Please use '+lint=TFIPC-L' to print out detailed information of unconnected 
  ports.


Warning-[TFIPC] Too few instance port connections
Bicubic_SYN.v, 1557
Bicubic, "DFFRX1 p_int_reg_reg_10_( .D (p_num_wire[56]),  .CK (CLK),  .RN (n463),  .Q (p_int_reg[10]));"
  The above instance has fewer port connections than the module definition.
  Please use '+lint=TFIPC-L' to print out detailed information of unconnected 
  ports.


Warning-[TFIPC] Too few instance port connections
Bicubic_SYN.v, 1559
Bicubic, "DFFRX1 p_int_reg_reg_9_( .D (p_num_wire[55]),  .CK (CLK),  .RN (n463),  .Q (p_int_reg[9]));"
  The above instance has fewer port connections than the module definition.
  Please use '+lint=TFIPC-L' to print out detailed information of unconnected 
  ports.


Warning-[TFIPC] Too few instance port connections
Bicubic_SYN.v, 1561
Bicubic, "DFFRX1 p_int_reg_reg_8_( .D (p_num_wire[54]),  .CK (CLK),  .RN (n9898),  .Q (p_int_reg[8]));"
  The above instance has fewer port connections than the module definition.
  Please use '+lint=TFIPC-L' to print out detailed information of unconnected 
  ports.


Warning-[TFIPC] Too few instance port connections
Bicubic_SYN.v, 1563
Bicubic, "DFFRX1 p_int_reg_reg_7_( .D (p_num_wire[53]),  .CK (CLK),  .RN (n9898),  .Q (p_int_reg[7]));"
  The above instance has fewer port connections than the module definition.
  Please use '+lint=TFIPC-L' to print out detailed information of unconnected 
  ports.


Warning-[TFIPC] Too few instance port connections
Bicubic_SYN.v, 1565
Bicubic, "DFFRX1 p_int_reg_reg_6_( .D (p_num_wire[52]),  .CK (CLK),  .RN (n9898),  .Q (p_int_reg[6]));"
  The above instance has fewer port connections than the module definition.
  Please use '+lint=TFIPC-L' to print out detailed information of unconnected 
  ports.


Warning-[TFIPC] Too few instance port connections
Bicubic_SYN.v, 1567
Bicubic, "DFFRX1 p_int_reg_reg_5_( .D (p_num_wire[51]),  .CK (CLK),  .RN (n9898),  .Q (p_int_reg[5]));"
  The above instance has fewer port connections than the module definition.
  Please use '+lint=TFIPC-L' to print out detailed information of unconnected 
  ports.


Warning-[TFIPC] Too few instance port connections
Bicubic_SYN.v, 1569
Bicubic, "DFFRX1 p_int_reg_reg_4_( .D (p_num_wire[50]),  .CK (CLK),  .RN (n9898),  .Q (p_int_reg[4]));"
  The above instance has fewer port connections than the module definition.
  Please use '+lint=TFIPC-L' to print out detailed information of unconnected 
  ports.


Warning-[TFIPC] Too few instance port connections
Bicubic_SYN.v, 1571
Bicubic, "DFFRX1 p_int_reg_reg_3_( .D (p_num_wire[49]),  .CK (CLK),  .RN (n9898),  .QN (n9834));"
  The above instance has fewer port connections than the module definition.
  Please use '+lint=TFIPC-L' to print out detailed information of unconnected 
  ports.


Warning-[TFIPC] Too few instance port connections
Bicubic_SYN.v, 1573
Bicubic, "DFFRX1 p_int_reg_reg_2_( .D (p_num_wire[48]),  .CK (CLK),  .RN (n9898),  .Q (p_int_reg[2]));"
  The above instance has fewer port connections than the module definition.
  Please use '+lint=TFIPC-L' to print out detailed information of unconnected 
  ports.


Warning-[TFIPC] Too few instance port connections
Bicubic_SYN.v, 1575
Bicubic, "DFFRX1 p_int_reg_reg_1_( .D (p_num_wire[47]),  .CK (CLK),  .RN (n9898),  .Q (p_int_reg[1]));"
  The above instance has fewer port connections than the module definition.
  Please use '+lint=TFIPC-L' to print out detailed information of unconnected 
  ports.


Warning-[TFIPC] Too few instance port connections
Bicubic_SYN.v, 1577
Bicubic, "DFFRX1 p_int_reg_reg_0_( .D (p_num_wire[46]),  .CK (CLK),  .RN (n9898),  .Q (p_int_reg[0]));"
  The above instance has fewer port connections than the module definition.
  Please use '+lint=TFIPC-L' to print out detailed information of unconnected 
  ports.


Warning-[TFIPC] Too few instance port connections
Bicubic_SYN.v, 1581
Bicubic, "DFFRX1 hor_result_reg_2__7_( .D (n296),  .CK (CLK),  .RN (n9898),  .Q (hor_result[15]));"
  The above instance has fewer port connections than the module definition.
  Please use '+lint=TFIPC-L' to print out detailed information of unconnected 
  ports.


Warning-[TFIPC] Too few instance port connections
Bicubic_SYN.v, 1583
Bicubic, "DFFRX1 hor_result_reg_1__7_( .D (n295),  .CK (CLK),  .RN (n9898),  .Q (hor_result[23]));"
  The above instance has fewer port connections than the module definition.
  Please use '+lint=TFIPC-L' to print out detailed information of unconnected 
  ports.


Warning-[TFIPC] Too few instance port connections
Bicubic_SYN.v, 1585
Bicubic, "DFFRX1 d_reg_8_( .D (P[20]),  .CK (CLK),  .RN (n9900),  .Q (d_in[8]));"
  The above instance has fewer port connections than the module definition.
  Please use '+lint=TFIPC-L' to print out detailed information of unconnected 
  ports.


Warning-[TFIPC] Too few instance port connections
Bicubic_SYN.v, 1586
Bicubic, "DFFRX1 d_x_0_reg_8_( .D (d_in[8]),  .CK (CLK),  .RN (n9902),  .Q (d_x_0[8]));"
  The above instance has fewer port connections than the module definition.
  Please use '+lint=TFIPC-L' to print out detailed information of unconnected 
  ports.


Warning-[TFIPC] Too few instance port connections
Bicubic_SYN.v, 1591
Bicubic, "DFFRX1 hor_result_reg_2__6_( .D (n300),  .CK (CLK),  .RN (n9899),  .Q (hor_result[14]));"
  The above instance has fewer port connections than the module definition.
  Please use '+lint=TFIPC-L' to print out detailed information of unconnected 
  ports.


Warning-[TFIPC] Too few instance port connections
Bicubic_SYN.v, 1593
Bicubic, "DFFRX1 hor_result_reg_1__6_( .D (n299),  .CK (CLK),  .RN (n9899),  .Q (hor_result[22]));"
  The above instance has fewer port connections than the module definition.
  Please use '+lint=TFIPC-L' to print out detailed information of unconnected 
  ports.


Warning-[TFIPC] Too few instance port connections
Bicubic_SYN.v, 1595
Bicubic, "DFFRX1 d_reg_7_( .D (P[19]),  .CK (CLK),  .RN (n9903),  .Q (d_in[7]));"
  The above instance has fewer port connections than the module definition.
  Please use '+lint=TFIPC-L' to print out detailed information of unconnected 
  ports.


Warning-[TFIPC] Too few instance port connections
Bicubic_SYN.v, 1596
Bicubic, "DFFRX1 d_x_0_reg_7_( .D (d_in[7]),  .CK (CLK),  .RN (n9902),  .Q (d_x_0[7]));"
  The above instance has fewer port connections than the module definition.
  Please use '+lint=TFIPC-L' to print out detailed information of unconnected 
  ports.


Warning-[TFIPC] Too few instance port connections
Bicubic_SYN.v, 1601
Bicubic, "DFFRX1 hor_result_reg_2__5_( .D (n304),  .CK (CLK),  .RN (n9899),  .Q (hor_result[13]));"
  The above instance has fewer port connections than the module definition.
  Please use '+lint=TFIPC-L' to print out detailed information of unconnected 
  ports.


Warning-[TFIPC] Too few instance port connections
Bicubic_SYN.v, 1603
Bicubic, "DFFRX1 hor_result_reg_1__5_( .D (n303),  .CK (CLK),  .RN (n7685),  .Q (hor_result[21]));"
  The above instance has fewer port connections than the module definition.
  Please use '+lint=TFIPC-L' to print out detailed information of unconnected 
  ports.


Warning-[TFIPC] Too few instance port connections
Bicubic_SYN.v, 1605
Bicubic, "DFFRX1 d_reg_6_( .D (P[18]),  .CK (CLK),  .RN (n9900),  .Q (d_in[6]));"
  The above instance has fewer port connections than the module definition.
  Please use '+lint=TFIPC-L' to print out detailed information of unconnected 
  ports.


Warning-[TFIPC] Too few instance port connections
Bicubic_SYN.v, 1606
Bicubic, "DFFRX1 d_x_0_reg_6_( .D (d_in[6]),  .CK (CLK),  .RN (n9902),  .Q (d_x_0[6]));"
  The above instance has fewer port connections than the module definition.
  Please use '+lint=TFIPC-L' to print out detailed information of unconnected 
  ports.


Warning-[TFIPC] Too few instance port connections
Bicubic_SYN.v, 1611
Bicubic, "DFFRX1 hor_result_reg_2__4_( .D (n308),  .CK (CLK),  .RN (n9895),  .Q (hor_result[12]));"
  The above instance has fewer port connections than the module definition.
  Please use '+lint=TFIPC-L' to print out detailed information of unconnected 
  ports.


Warning-[TFIPC] Too few instance port connections
Bicubic_SYN.v, 1613
Bicubic, "DFFRX1 hor_result_reg_1__4_( .D (n307),  .CK (CLK),  .RN (n9895),  .Q (hor_result[20]));"
  The above instance has fewer port connections than the module definition.
  Please use '+lint=TFIPC-L' to print out detailed information of unconnected 
  ports.


Warning-[TFIPC] Too few instance port connections
Bicubic_SYN.v, 1615
Bicubic, "DFFRX1 d_reg_5_( .D (P[17]),  .CK (CLK),  .RN (n9895),  .Q (d_in[5]));"
  The above instance has fewer port connections than the module definition.
  Please use '+lint=TFIPC-L' to print out detailed information of unconnected 
  ports.


Warning-[TFIPC] Too few instance port connections
Bicubic_SYN.v, 1616
Bicubic, "DFFRX1 d_x_0_reg_5_( .D (d_in[5]),  .CK (CLK),  .RN (n9895),  .Q (d_x_0[5]));"
  The above instance has fewer port connections than the module definition.
  Please use '+lint=TFIPC-L' to print out detailed information of unconnected 
  ports.


Warning-[TFIPC] Too few instance port connections
Bicubic_SYN.v, 1621
Bicubic, "DFFRX1 hor_result_reg_2__3_( .D (n312),  .CK (CLK),  .RN (n9895),  .Q (hor_result[11]));"
  The above instance has fewer port connections than the module definition.
  Please use '+lint=TFIPC-L' to print out detailed information of unconnected 
  ports.


Warning-[TFIPC] Too few instance port connections
Bicubic_SYN.v, 1623
Bicubic, "DFFRX1 hor_result_reg_1__3_( .D (n311),  .CK (CLK),  .RN (n9895),  .Q (hor_result[19]));"
  The above instance has fewer port connections than the module definition.
  Please use '+lint=TFIPC-L' to print out detailed information of unconnected 
  ports.


Warning-[TFIPC] Too few instance port connections
Bicubic_SYN.v, 1625
Bicubic, "DFFRX1 d_reg_4_( .D (P[16]),  .CK (CLK),  .RN (n9895),  .Q (d_in[4]));"
  The above instance has fewer port connections than the module definition.
  Please use '+lint=TFIPC-L' to print out detailed information of unconnected 
  ports.


Warning-[TFIPC] Too few instance port connections
Bicubic_SYN.v, 1626
Bicubic, "DFFRX1 d_x_0_reg_4_( .D (d_in[4]),  .CK (CLK),  .RN (n9895),  .Q (d_x_0[4]));"
  The above instance has fewer port connections than the module definition.
  Please use '+lint=TFIPC-L' to print out detailed information of unconnected 
  ports.


Warning-[TFIPC] Too few instance port connections
Bicubic_SYN.v, 1631
Bicubic, "DFFRX1 hor_result_reg_2__2_( .D (n316),  .CK (CLK),  .RN (n9894),  .Q (hor_result[10]));"
  The above instance has fewer port connections than the module definition.
  Please use '+lint=TFIPC-L' to print out detailed information of unconnected 
  ports.


Warning-[TFIPC] Too few instance port connections
Bicubic_SYN.v, 1633
Bicubic, "DFFRX1 hor_result_reg_1__2_( .D (n315),  .CK (CLK),  .RN (n9894),  .Q (hor_result[18]));"
  The above instance has fewer port connections than the module definition.
  Please use '+lint=TFIPC-L' to print out detailed information of unconnected 
  ports.


Warning-[TFIPC] Too few instance port connections
Bicubic_SYN.v, 1635
Bicubic, "DFFRX1 d_reg_3_( .D (P[15]),  .CK (CLK),  .RN (n9894),  .Q (d_in[3]));"
  The above instance has fewer port connections than the module definition.
  Please use '+lint=TFIPC-L' to print out detailed information of unconnected 
  ports.


Warning-[TFIPC] Too few instance port connections
Bicubic_SYN.v, 1636
Bicubic, "DFFRX1 d_x_0_reg_3_( .D (d_in[3]),  .CK (CLK),  .RN (n9894),  .Q (d_x_0[3]));"
  The above instance has fewer port connections than the module definition.
  Please use '+lint=TFIPC-L' to print out detailed information of unconnected 
  ports.


Warning-[TFIPC] Too few instance port connections
Bicubic_SYN.v, 1637
Bicubic, "DFFRX1 hor_result_reg_0__2_( .D (n314),  .CK (CLK),  .RN (n9894),  .Q (hor_result[26]));"
  The above instance has fewer port connections than the module definition.
  Please use '+lint=TFIPC-L' to print out detailed information of unconnected 
  ports.


Warning-[TFIPC] Too few instance port connections
Bicubic_SYN.v, 1641
Bicubic, "DFFRX1 hor_result_reg_2__1_( .D (n320),  .CK (CLK),  .RN (n9894),  .Q (hor_result[9]));"
  The above instance has fewer port connections than the module definition.
  Please use '+lint=TFIPC-L' to print out detailed information of unconnected 
  ports.


Warning-[TFIPC] Too few instance port connections
Bicubic_SYN.v, 1643
Bicubic, "DFFRX1 hor_result_reg_1__1_( .D (n319),  .CK (CLK),  .RN (n9894),  .Q (hor_result[17]));"
  The above instance has fewer port connections than the module definition.
  Please use '+lint=TFIPC-L' to print out detailed information of unconnected 
  ports.


Warning-[TFIPC] Too few instance port connections
Bicubic_SYN.v, 1645
Bicubic, "DFFRX1 d_reg_2_( .D (P[14]),  .CK (CLK),  .RN (n9894),  .Q (d_in[2]));"
  The above instance has fewer port connections than the module definition.
  Please use '+lint=TFIPC-L' to print out detailed information of unconnected 
  ports.


Warning-[TFIPC] Too few instance port connections
Bicubic_SYN.v, 1646
Bicubic, "DFFRX1 d_x_0_reg_2_( .D (d_in[2]),  .CK (CLK),  .RN (n9894),  .Q (d_x_0[2]));"
  The above instance has fewer port connections than the module definition.
  Please use '+lint=TFIPC-L' to print out detailed information of unconnected 
  ports.


Warning-[TFIPC] Too few instance port connections
Bicubic_SYN.v, 1651
Bicubic, "DFFRX1 hor_result_reg_2__0_( .D (n324),  .CK (CLK),  .RN (n9893),  .Q (hor_result[8]));"
  The above instance has fewer port connections than the module definition.
  Please use '+lint=TFIPC-L' to print out detailed information of unconnected 
  ports.


Warning-[TFIPC] Too few instance port connections
Bicubic_SYN.v, 1653
Bicubic, "DFFRX1 hor_result_reg_1__0_( .D (n323),  .CK (CLK),  .RN (n9893),  .Q (hor_result[16]));"
  The above instance has fewer port connections than the module definition.
  Please use '+lint=TFIPC-L' to print out detailed information of unconnected 
  ports.


Warning-[TFIPC] Too few instance port connections
Bicubic_SYN.v, 1655
Bicubic, "DFFRX1 d_reg_1_( .D (P[13]),  .CK (CLK),  .RN (n9893),  .Q (d_in[1]));"
  The above instance has fewer port connections than the module definition.
  Please use '+lint=TFIPC-L' to print out detailed information of unconnected 
  ports.


Warning-[TFIPC] Too few instance port connections
Bicubic_SYN.v, 1656
Bicubic, "DFFRX1 d_x_0_reg_1_( .D (d_in[1]),  .CK (CLK),  .RN (n9893),  .Q (d_x_0[1]));"
  The above instance has fewer port connections than the module definition.
  Please use '+lint=TFIPC-L' to print out detailed information of unconnected 
  ports.


Warning-[TFIPC] Too few instance port connections
Bicubic_SYN.v, 1657
Bicubic, "DFFRX1 hor_result_reg_0__0_( .D (n322),  .CK (CLK),  .RN (n9893),  .Q (hor_result[24]));"
  The above instance has fewer port connections than the module definition.
  Please use '+lint=TFIPC-L' to print out detailed information of unconnected 
  ports.


Warning-[TFIPC] Too few instance port connections
Bicubic_SYN.v, 1659
Bicubic, "DFFRX1 sram_addr_reg_9_( .D (n284),  .CK (CLK),  .RN (n9893),  .Q (sram_addr[9]));"
  The above instance has fewer port connections than the module definition.
  Please use '+lint=TFIPC-L' to print out detailed information of unconnected 
  ports.


Warning-[TFIPC] Too few instance port connections
Bicubic_SYN.v, 1665
Bicubic, "DFFRX1 sram_addr_reg_6_( .D (n287),  .CK (CLK),  .RN (n9893),  .Q (sram_addr[6]));"
  The above instance has fewer port connections than the module definition.
  Please use '+lint=TFIPC-L' to print out detailed information of unconnected 
  ports.


Warning-[TFIPC] Too few instance port connections
Bicubic_SYN.v, 1667
Bicubic, "DFFRX1 sram_addr_reg_5_( .D (n288),  .CK (CLK),  .RN (n9893),  .Q (sram_addr[5]));"
  The above instance has fewer port connections than the module definition.
  Please use '+lint=TFIPC-L' to print out detailed information of unconnected 
  ports.


Warning-[TFIPC] Too few instance port connections
Bicubic_SYN.v, 1669
Bicubic, "DFFRX1 sram_addr_reg_4_( .D (n289),  .CK (CLK),  .RN (n9892),  .Q (sram_addr[4]));"
  The above instance has fewer port connections than the module definition.
  Please use '+lint=TFIPC-L' to print out detailed information of unconnected 
  ports.


Warning-[TFIPC] Too few instance port connections
Bicubic_SYN.v, 1671
Bicubic, "DFFRX1 sram_addr_reg_3_( .D (n290),  .CK (CLK),  .RN (n9892),  .Q (sram_addr[3]));"
  The above instance has fewer port connections than the module definition.
  Please use '+lint=TFIPC-L' to print out detailed information of unconnected 
  ports.


Warning-[TFIPC] Too few instance port connections
Bicubic_SYN.v, 1673
Bicubic, "DFFRX1 sram_addr_reg_2_( .D (n291),  .CK (CLK),  .RN (n9892),  .Q (sram_addr[2]));"
  The above instance has fewer port connections than the module definition.
  Please use '+lint=TFIPC-L' to print out detailed information of unconnected 
  ports.


Warning-[TFIPC] Too few instance port connections
Bicubic_SYN.v, 1675
Bicubic, "DFFRX1 sram_addr_reg_1_( .D (n292),  .CK (CLK),  .RN (n9892),  .Q (sram_addr[1]));"
  The above instance has fewer port connections than the module definition.
  Please use '+lint=TFIPC-L' to print out detailed information of unconnected 
  ports.


Warning-[TFIPC] Too few instance port connections
Bicubic_SYN.v, 1759
Bicubic, "DFFRX1 y_ratio_num_reg_3_( .D (n243),  .CK (CLK),  .RN (n9903),  .Q (y_ratio_num[3]));"
  The above instance has fewer port connections than the module definition.
  Please use '+lint=TFIPC-L' to print out detailed information of unconnected 
  ports.


Warning-[TFIPC] Too few instance port connections
Bicubic_SYN.v, 1779
Bicubic, "DFFRX1 x_ratio_num_reg_3_( .D (n232),  .CK (CLK),  .RN (n9903),  .Q (x_ratio_num[3]));"
  The above instance has fewer port connections than the module definition.
  Please use '+lint=TFIPC-L' to print out detailed information of unconnected 
  ports.


Warning-[TFIPC] Too few instance port connections
Bicubic_SYN.v, 1785
Bicubic, "DFFRX1 count_x_reg_3_( .D (n227),  .CK (CLK),  .RN (n9903),  .Q (count_x[3]));"
  The above instance has fewer port connections than the module definition.
  Please use '+lint=TFIPC-L' to print out detailed information of unconnected 
  ports.


Warning-[TFIPC] Too few instance port connections
Bicubic_SYN.v, 1788
Bicubic, "DFFRX1 count_y_reg_3_( .D (n221),  .CK (CLK),  .RN (n9889),  .Q (count_y[3]));"
  The above instance has fewer port connections than the module definition.
  Please use '+lint=TFIPC-L' to print out detailed information of unconnected 
  ports.


Warning-[TFIPC] Too few instance port connections
Bicubic_SYN.v, 1791
Bicubic, "DFFRX2 var3_reg_18_( .D (n172),  .CK (CLK),  .RN (n9904),  .Q (var3_in[18]));"
  The above instance has fewer port connections than the module definition.
  Please use '+lint=TFIPC-L' to print out detailed information of unconnected 
  ports.


Warning-[TFIPC] Too few instance port connections
Bicubic_SYN.v, 1792
Bicubic, "DFFRX2 var3_reg_16_( .D (n170),  .CK (CLK),  .RN (n9904),  .Q (var3_in[16]));"
  The above instance has fewer port connections than the module definition.
  Please use '+lint=TFIPC-L' to print out detailed information of unconnected 
  ports.


Warning-[TFIPC] Too few instance port connections
Bicubic_SYN.v, 1793
Bicubic, "DFFRX2 var3_reg_15_( .D (n169),  .CK (CLK),  .RN (n9904),  .Q (var3_in[15]));"
  The above instance has fewer port connections than the module definition.
  Please use '+lint=TFIPC-L' to print out detailed information of unconnected 
  ports.


Warning-[TFIPC] Too few instance port connections
Bicubic_SYN.v, 1794
Bicubic, "DFFRX4 var3_reg_14_( .D (n168),  .CK (CLK),  .RN (n7685),  .Q (var3_in[14]));"
  The above instance has fewer port connections than the module definition.
  Please use '+lint=TFIPC-L' to print out detailed information of unconnected 
  ports.


Warning-[TFIPC] Too few instance port connections
Bicubic_SYN.v, 1795
Bicubic, "DFFRX2 var3_reg_13_( .D (n167),  .CK (CLK),  .RN (n9904),  .Q (var3_in[13]));"
  The above instance has fewer port connections than the module definition.
  Please use '+lint=TFIPC-L' to print out detailed information of unconnected 
  ports.


Warning-[TFIPC] Too few instance port connections
Bicubic_SYN.v, 1796
Bicubic, "DFFRX2 var3_reg_12_( .D (n166),  .CK (CLK),  .RN (n7685),  .Q (var3_in[12]));"
  The above instance has fewer port connections than the module definition.
  Please use '+lint=TFIPC-L' to print out detailed information of unconnected 
  ports.


Warning-[TFIPC] Too few instance port connections
Bicubic_SYN.v, 1797
Bicubic, "DFFRX4 var3_reg_11_( .D (n165),  .CK (CLK),  .RN (n9902),  .Q (var3_in[11]));"
  The above instance has fewer port connections than the module definition.
  Please use '+lint=TFIPC-L' to print out detailed information of unconnected 
  ports.


Warning-[TFIPC] Too few instance port connections
Bicubic_SYN.v, 1798
Bicubic, "DFFRX2 var3_reg_10_( .D (n164),  .CK (CLK),  .RN (n463),  .Q (var3_in[10]));"
  The above instance has fewer port connections than the module definition.
  Please use '+lint=TFIPC-L' to print out detailed information of unconnected 
  ports.


Warning-[TFIPC] Too few instance port connections
Bicubic_SYN.v, 1799
Bicubic, "DFFRX2 var3_reg_9_( .D (n163),  .CK (CLK),  .RN (n9899),  .Q (var3_in[9]));"
  The above instance has fewer port connections than the module definition.
  Please use '+lint=TFIPC-L' to print out detailed information of unconnected 
  ports.


Warning-[TFIPC] Too few instance port connections
Bicubic_SYN.v, 1800
Bicubic, "DFFRX4 var3_reg_8_( .D (n162),  .CK (CLK),  .RN (n9899),  .Q (var3_in[8]));"
  The above instance has fewer port connections than the module definition.
  Please use '+lint=TFIPC-L' to print out detailed information of unconnected 
  ports.


Warning-[TFIPC] Too few instance port connections
Bicubic_SYN.v, 1801
Bicubic, "DFFRX2 var3_reg_7_( .D (n161),  .CK (CLK),  .RN (n9900),  .Q (var3_in[7]));"
  The above instance has fewer port connections than the module definition.
  Please use '+lint=TFIPC-L' to print out detailed information of unconnected 
  ports.


Warning-[TFIPC] Too few instance port connections
Bicubic_SYN.v, 1802
Bicubic, "DFFRX2 var3_reg_6_( .D (n160),  .CK (CLK),  .RN (n9902),  .Q (var3_in[6]));"
  The above instance has fewer port connections than the module definition.
  Please use '+lint=TFIPC-L' to print out detailed information of unconnected 
  ports.


Warning-[TFIPC] Too few instance port connections
Bicubic_SYN.v, 1803
Bicubic, "DFFRX4 var3_reg_5_( .D (n159),  .CK (CLK),  .RN (n9900),  .Q (var3_in[5]));"
  The above instance has fewer port connections than the module definition.
  Please use '+lint=TFIPC-L' to print out detailed information of unconnected 
  ports.


Warning-[TFIPC] Too few instance port connections
Bicubic_SYN.v, 1804
Bicubic, "DFFRX2 var3_reg_4_( .D (n158),  .CK (CLK),  .RN (n9900),  .Q (var3_in[4]));"
  The above instance has fewer port connections than the module definition.
  Please use '+lint=TFIPC-L' to print out detailed information of unconnected 
  ports.


Warning-[TFIPC] Too few instance port connections
Bicubic_SYN.v, 1805
Bicubic, "DFFRX2 var3_reg_3_( .D (n157),  .CK (CLK),  .RN (n9900),  .Q (var3_in[3]));"
  The above instance has fewer port connections than the module definition.
  Please use '+lint=TFIPC-L' to print out detailed information of unconnected 
  ports.


Warning-[TFIPC] Too few instance port connections
Bicubic_SYN.v, 1806
Bicubic, "DFFRX4 var3_reg_2_( .D (n156),  .CK (CLK),  .RN (n463),  .Q (var3_in[2]));"
  The above instance has fewer port connections than the module definition.
  Please use '+lint=TFIPC-L' to print out detailed information of unconnected 
  ports.


Warning-[TFIPC] Too few instance port connections
Bicubic_SYN.v, 1807
Bicubic, "DFFRX4 var2_reg_30_( .D (n152),  .CK (CLK),  .RN (n9899),  .Q (var2_in[30]));"
  The above instance has fewer port connections than the module definition.
  Please use '+lint=TFIPC-L' to print out detailed information of unconnected 
  ports.


Warning-[TFIPC] Too few instance port connections
Bicubic_SYN.v, 1808
Bicubic, "DFFRX4 var2_reg_29_( .D (n151),  .CK (CLK),  .RN (n9899),  .Q (var2_in[29]));"
  The above instance has fewer port connections than the module definition.
  Please use '+lint=TFIPC-L' to print out detailed information of unconnected 
  ports.


Warning-[TFIPC] Too few instance port connections
Bicubic_SYN.v, 1809
Bicubic, "DFFRX4 var2_reg_28_( .D (n150),  .CK (CLK),  .RN (n463),  .Q (var2_in[28]));"
  The above instance has fewer port connections than the module definition.
  Please use '+lint=TFIPC-L' to print out detailed information of unconnected 
  ports.


Warning-[TFIPC] Too few instance port connections
Bicubic_SYN.v, 1810
Bicubic, "DFFRX4 var2_reg_27_( .D (n149),  .CK (CLK),  .RN (n9900),  .Q (var2_in[27]));"
  The above instance has fewer port connections than the module definition.
  Please use '+lint=TFIPC-L' to print out detailed information of unconnected 
  ports.


Warning-[TFIPC] Too few instance port connections
Bicubic_SYN.v, 1811
Bicubic, "DFFRX4 var2_reg_26_( .D (n148),  .CK (CLK),  .RN (n9902),  .Q (var2_in[26]));"
  The above instance has fewer port connections than the module definition.
  Please use '+lint=TFIPC-L' to print out detailed information of unconnected 
  ports.


Warning-[TFIPC] Too few instance port connections
Bicubic_SYN.v, 1812
Bicubic, "DFFRX4 var2_reg_25_( .D (n147),  .CK (CLK),  .RN (n7685),  .Q (var2_in[25]));"
  The above instance has fewer port connections than the module definition.
  Please use '+lint=TFIPC-L' to print out detailed information of unconnected 
  ports.


Warning-[TFIPC] Too few instance port connections
Bicubic_SYN.v, 1813
Bicubic, "DFFRX4 var2_reg_24_( .D (n146),  .CK (CLK),  .RN (n9900),  .Q (var2_in[24]));"
  The above instance has fewer port connections than the module definition.
  Please use '+lint=TFIPC-L' to print out detailed information of unconnected 
  ports.


Warning-[TFIPC] Too few instance port connections
Bicubic_SYN.v, 1814
Bicubic, "DFFRX4 var2_reg_22_( .D (n144),  .CK (CLK),  .RN (n9899),  .Q (var2_in[22]));"
  The above instance has fewer port connections than the module definition.
  Please use '+lint=TFIPC-L' to print out detailed information of unconnected 
  ports.


Warning-[TFIPC] Too few instance port connections
Bicubic_SYN.v, 1815
Bicubic, "DFFRX4 var2_reg_21_( .D (n143),  .CK (CLK),  .RN (n9902),  .Q (var2_in[21]));"
  The above instance has fewer port connections than the module definition.
  Please use '+lint=TFIPC-L' to print out detailed information of unconnected 
  ports.


Warning-[TFIPC] Too few instance port connections
Bicubic_SYN.v, 1816
Bicubic, "DFFRX4 var2_reg_20_( .D (n142),  .CK (CLK),  .RN (n9903),  .Q (var2_in[20]));"
  The above instance has fewer port connections than the module definition.
  Please use '+lint=TFIPC-L' to print out detailed information of unconnected 
  ports.


Warning-[TFIPC] Too few instance port connections
Bicubic_SYN.v, 1817
Bicubic, "DFFRX4 var2_reg_19_( .D (n141),  .CK (CLK),  .RN (n9903),  .Q (var2_in[19]));"
  The above instance has fewer port connections than the module definition.
  Please use '+lint=TFIPC-L' to print out detailed information of unconnected 
  ports.


Warning-[TFIPC] Too few instance port connections
Bicubic_SYN.v, 1818
Bicubic, "DFFRX4 var2_reg_18_( .D (n140),  .CK (CLK),  .RN (n9903),  .Q (var2_in[18]));"
  The above instance has fewer port connections than the module definition.
  Please use '+lint=TFIPC-L' to print out detailed information of unconnected 
  ports.


Warning-[TFIPC] Too few instance port connections
Bicubic_SYN.v, 1819
Bicubic, "DFFRX4 var2_reg_17_( .D (n139),  .CK (CLK),  .RN (n463),  .Q (var2_in[17]));"
  The above instance has fewer port connections than the module definition.
  Please use '+lint=TFIPC-L' to print out detailed information of unconnected 
  ports.


Warning-[TFIPC] Too few instance port connections
Bicubic_SYN.v, 1820
Bicubic, "DFFRX4 var2_reg_16_( .D (n138),  .CK (CLK),  .RN (n9904),  .Q (var2_in[16]));"
  The above instance has fewer port connections than the module definition.
  Please use '+lint=TFIPC-L' to print out detailed information of unconnected 
  ports.


Warning-[TFIPC] Too few instance port connections
Bicubic_SYN.v, 1821
Bicubic, "DFFRX4 var2_reg_15_( .D (n137),  .CK (CLK),  .RN (n9901),  .Q (var2_in[15]));"
  The above instance has fewer port connections than the module definition.
  Please use '+lint=TFIPC-L' to print out detailed information of unconnected 
  ports.


Warning-[TFIPC] Too few instance port connections
Bicubic_SYN.v, 1822
Bicubic, "DFFRX4 var2_reg_14_( .D (n136),  .CK (CLK),  .RN (n463),  .Q (var2_in[14]));"
  The above instance has fewer port connections than the module definition.
  Please use '+lint=TFIPC-L' to print out detailed information of unconnected 
  ports.


Warning-[TFIPC] Too few instance port connections
Bicubic_SYN.v, 1823
Bicubic, "DFFRX4 var2_reg_13_( .D (n135),  .CK (CLK),  .RN (n9898),  .Q (var2_in[13]));"
  The above instance has fewer port connections than the module definition.
  Please use '+lint=TFIPC-L' to print out detailed information of unconnected 
  ports.


Warning-[TFIPC] Too few instance port connections
Bicubic_SYN.v, 1824
Bicubic, "DFFRX4 var2_reg_11_( .D (n133),  .CK (CLK),  .RN (n9903),  .Q (var2_in[11]));"
  The above instance has fewer port connections than the module definition.
  Please use '+lint=TFIPC-L' to print out detailed information of unconnected 
  ports.


Warning-[TFIPC] Too few instance port connections
Bicubic_SYN.v, 1825
Bicubic, "DFFRX4 var2_reg_10_( .D (n132),  .CK (CLK),  .RN (n9904),  .Q (var2_in[10]));"
  The above instance has fewer port connections than the module definition.
  Please use '+lint=TFIPC-L' to print out detailed information of unconnected 
  ports.


Warning-[TFIPC] Too few instance port connections
Bicubic_SYN.v, 1826
Bicubic, "DFFRX4 var2_reg_9_( .D (n131),  .CK (CLK),  .RN (n463),  .Q (var2_in[9]));"
  The above instance has fewer port connections than the module definition.
  Please use '+lint=TFIPC-L' to print out detailed information of unconnected 
  ports.


Warning-[TFIPC] Too few instance port connections
Bicubic_SYN.v, 1827
Bicubic, "DFFRX4 var2_reg_6_( .D (n128),  .CK (CLK),  .RN (n9903),  .Q (var2_in[6]));"
  The above instance has fewer port connections than the module definition.
  Please use '+lint=TFIPC-L' to print out detailed information of unconnected 
  ports.


Warning-[TFIPC] Too few instance port connections
Bicubic_SYN.v, 1828
Bicubic, "DFFRX4 var2_reg_4_( .D (n126),  .CK (CLK),  .RN (n9903),  .Q (var2_in[4]));"
  The above instance has fewer port connections than the module definition.
  Please use '+lint=TFIPC-L' to print out detailed information of unconnected 
  ports.


Warning-[TFIPC] Too few instance port connections
Bicubic_SYN.v, 1829
Bicubic, "DFFRX4 var2_reg_3_( .D (n125),  .CK (CLK),  .RN (n9903),  .Q (var2_in[3]));"
  The above instance has fewer port connections than the module definition.
  Please use '+lint=TFIPC-L' to print out detailed information of unconnected 
  ports.


Warning-[TFIPC] Too few instance port connections
Bicubic_SYN.v, 1834
Bicubic, "DFFSX1 p_frac_msb_reg_reg( .D (p_num_wire[45]),  .CK (CLK),  .SN (n9904),  .Q (p_frac_msb_reg));"
  The above instance has fewer port connections than the module definition.
  Please use '+lint=TFIPC-L' to print out detailed information of unconnected 
  ports.


Warning-[TFIPC] Too few instance port connections
Bicubic_SYN.v, 1987
Bicubic, "DFFRX4 var1_reg_0_( .D (n326),  .CK (CLK),  .RN (n9904),  .Q (var1_in[0]));"
  The above instance has fewer port connections than the module definition.
  Please use '+lint=TFIPC-L' to print out detailed information of unconnected 
  ports.


Warning-[TFIPC] Too few instance port connections
Bicubic_SYN.v, 2004
Bicubic, "DFFRX1 rom_addr_y_reg_2_( .D (n345),  .CK (CLK),  .RN (n7685),  .Q (rom_addr_y[2]));"
  The above instance has fewer port connections than the module definition.
  Please use '+lint=TFIPC-L' to print out detailed information of unconnected 
  ports.


Warning-[TFIPC] Too few instance port connections
Bicubic_SYN.v, 2006
Bicubic, "DFFRX2 a_reg_9_( .D (a_wire[9]),  .CK (CLK),  .RN (n9902),  .Q (a_in[9]));"
  The above instance has fewer port connections than the module definition.
  Please use '+lint=TFIPC-L' to print out detailed information of unconnected 
  ports.


Warning-[TFIPC] Too few instance port connections
Bicubic_SYN.v, 2009
Bicubic, "DFFRX2 var3_reg_19_( .D (n173),  .CK (CLK),  .RN (n7685),  .Q (var3_in[19]));"
  The above instance has fewer port connections than the module definition.
  Please use '+lint=TFIPC-L' to print out detailed information of unconnected 
  ports.


Warning-[TFIPC] Too few instance port connections
Bicubic_SYN.v, 2022
Bicubic, "DFFRX2 var3_reg_17_( .D (n171),  .CK (CLK),  .RN (n7685),  .Q (var3_in[17]));"
  The above instance has fewer port connections than the module definition.
  Please use '+lint=TFIPC-L' to print out detailed information of unconnected 
  ports.


Warning-[TFIPC] Too few instance port connections
Bicubic_SYN.v, 2023
Bicubic, "DFFRX2 var3_reg_26_( .D (n180),  .CK (CLK),  .RN (n9892),  .Q (var3_in[26]));"
  The above instance has fewer port connections than the module definition.
  Please use '+lint=TFIPC-L' to print out detailed information of unconnected 
  ports.


Warning-[TFIPC] Too few instance port connections
Bicubic_SYN.v, 2024
Bicubic, "DFFRX2 var3_reg_20_( .D (n174),  .CK (CLK),  .RN (n7685),  .Q (var3_in[20]));"
  The above instance has fewer port connections than the module definition.
  Please use '+lint=TFIPC-L' to print out detailed information of unconnected 
  ports.


Warning-[TFIPC] Too few instance port connections
Bicubic_SYN.v, 2025
Bicubic, "DFFRX2 var3_reg_29_( .D (n183),  .CK (CLK),  .RN (n9889),  .Q (var3_in[29]));"
  The above instance has fewer port connections than the module definition.
  Please use '+lint=TFIPC-L' to print out detailed information of unconnected 
  ports.


Warning-[TFIPC] Too few instance port connections
Bicubic_SYN.v, 2273
Bicubic, "DFFRX2 a_x_3_reg_49_( .D (a_x_3_wire[49]),  .CK (CLK),  .RN (n9900),  .Q (a_x_3[49]));"
  The above instance has fewer port connections than the module definition.
  Please use '+lint=TFIPC-L' to print out detailed information of unconnected 
  ports.


Warning-[TFIPC] Too few instance port connections
Bicubic_SYN.v, 2280
Bicubic, "DFFRX2 a_x_3_reg_47_( .D (a_x_3_wire[47]),  .CK (CLK),  .RN (n9900),  .Q (a_x_3[47]));"
  The above instance has fewer port connections than the module definition.
  Please use '+lint=TFIPC-L' to print out detailed information of unconnected 
  ports.


Warning-[TFIPC] Too few instance port connections
Bicubic_SYN.v, 2284
Bicubic, "DFFRX2 x_frac_reg_15_( .D (n217),  .CK (CLK),  .RN (n9889),  .QN (n9737));"
  The above instance has fewer port connections than the module definition.
  Please use '+lint=TFIPC-L' to print out detailed information of unconnected 
  ports.


Warning-[TFIPC] Too few instance port connections
Bicubic_SYN.v, 2313
Bicubic, "DFFRX1 rom_addr_y_reg_3_( .D (n344),  .CK (CLK),  .RN (n7685),  .Q (rom_addr_y[3]));"
  The above instance has fewer port connections than the module definition.
  Please use '+lint=TFIPC-L' to print out detailed information of unconnected 
  ports.


Warning-[TFIPC] Too few instance port connections
Bicubic_SYN.v, 2318
Bicubic, "DFFRX2 b_reg_0_( .D (n9758),  .CK (CLK),  .RN (n9892),  .QN (n1466));"
  The above instance has fewer port connections than the module definition.
  Please use '+lint=TFIPC-L' to print out detailed information of unconnected 
  ports.


Warning-[TFIPC] Too few instance port connections
Bicubic_SYN.v, 2429
Bicubic, "DFFRX1 b_reg_7_( .D (b_wire[7]),  .CK (CLK),  .RN (n9899),  .Q (b_in[7]));"
  The above instance has fewer port connections than the module definition.
  Please use '+lint=TFIPC-L' to print out detailed information of unconnected 
  ports.


Warning-[TFIPC] Too few instance port connections
Bicubic_SYN.v, 2430
Bicubic, "DFFRX2 var2_reg_23_( .D (n145),  .CK (CLK),  .RN (n7685),  .Q (var2_in[23]));"
  The above instance has fewer port connections than the module definition.
  Please use '+lint=TFIPC-L' to print out detailed information of unconnected 
  ports.


Warning-[TFIPC] Too few instance port connections
Bicubic_SYN.v, 2431
Bicubic, "DFFRX2 var2_reg_7_( .D (n129),  .CK (CLK),  .RN (n9903),  .Q (var2_in[7]));"
  The above instance has fewer port connections than the module definition.
  Please use '+lint=TFIPC-L' to print out detailed information of unconnected 
  ports.


Warning-[TFIPC] Too few instance port connections
Bicubic_SYN.v, 2447
Bicubic, "DFFRX1 rom_addr_x_reg_2_( .D (n353),  .CK (CLK),  .RN (n9901),  .Q (rom_addr_x[2]));"
  The above instance has fewer port connections than the module definition.
  Please use '+lint=TFIPC-L' to print out detailed information of unconnected 
  ports.


Warning-[TFIPC] Too few instance port connections
Bicubic_SYN.v, 2456
Bicubic, "DFFRX1 rom_addr_x_reg_3_( .D (n352),  .CK (CLK),  .RN (n463),  .Q (rom_addr_x[3]));"
  The above instance has fewer port connections than the module definition.
  Please use '+lint=TFIPC-L' to print out detailed information of unconnected 
  ports.


Warning-[TFIPC] Too few instance port connections
Bicubic_SYN.v, 2469
Bicubic, "DFFRX2 var2_reg_8_( .D (n130),  .CK (CLK),  .RN (n9903),  .Q (var2_in[8]));"
  The above instance has fewer port connections than the module definition.
  Please use '+lint=TFIPC-L' to print out detailed information of unconnected 
  ports.


Warning-[TFIPC] Too few instance port connections
Bicubic_SYN.v, 2470
Bicubic, "DFFRX2 var2_reg_5_( .D (n127),  .CK (CLK),  .RN (n9903),  .Q (var2_in[5]));"
  The above instance has fewer port connections than the module definition.
  Please use '+lint=TFIPC-L' to print out detailed information of unconnected 
  ports.


Warning-[TFIPC] Too few instance port connections
Bicubic_SYN.v, 2491
Bicubic, "DFFRX2 rom_addr_y_reg_1_( .D (n346),  .CK (CLK),  .RN (n9903),  .Q (rom_addr_y[1]));"
  The above instance has fewer port connections than the module definition.
  Please use '+lint=TFIPC-L' to print out detailed information of unconnected 
  ports.


Warning-[TFIPC] Too few instance port connections
Bicubic_SYN.v, 2519
Bicubic, "DFFRX1 b_reg_6_( .D (b_wire[6]),  .CK (CLK),  .RN (n7685),  .Q (b_in[6]));"
  The above instance has fewer port connections than the module definition.
  Please use '+lint=TFIPC-L' to print out detailed information of unconnected 
  ports.


Warning-[TFIPC] Too few instance port connections
Bicubic_SYN.v, 4168
Bicubic, "ADDFX2 U2029( .A (n7510),  .B (n7509),  .CI (n7508),  .S (n7511));"
  The above instance has fewer port connections than the module definition.
  Please use '+lint=TFIPC-L' to print out detailed information of unconnected 
  ports.


Warning-[TFIPC] Too few instance port connections
Bicubic_SYN.v, 5047
Bicubic, "ADDFHX2 U2877( .A (n3061),  .B (n3060),  .CI (n3059),  .S (n733));"
  The above instance has fewer port connections than the module definition.
  Please use '+lint=TFIPC-L' to print out detailed information of unconnected 
  ports.


Warning-[TFIPC] Too few instance port connections
Bicubic_SYN.v, 5583
Bicubic, "ADDFHX2 U3412( .A (n3287),  .B (n3286),  .CI (n3285),  .S (n732));"
  The above instance has fewer port connections than the module definition.
  Please use '+lint=TFIPC-L' to print out detailed information of unconnected 
  ports.


Warning-[TFIPC] Too few instance port connections
Bicubic_SYN.v, 7891
Bicubic, "ADDHX1 U5684( .A (n7841),  .B (n3344),  .S (n7849));"
  The above instance has fewer port connections than the module definition.
  Please use '+lint=TFIPC-L' to print out detailed information of unconnected 
  ports.


Warning-[TFIPC] Too few instance port connections
Bicubic_SYN.v, 11280
Bicubic, "ADDHXL U8786( .A (n7501),  .B (n7500),  .S (n7502));"
  The above instance has fewer port connections than the module definition.
  Please use '+lint=TFIPC-L' to print out detailed information of unconnected 
  ports.


Warning-[TFIPC] Too few instance port connections
Bicubic_SYN.v, 11281
Bicubic, "ADDFXL U8787( .A (n7504),  .B (n7503),  .CI (n7502),  .S (n7509));"
  The above instance has fewer port connections than the module definition.
  Please use '+lint=TFIPC-L' to print out detailed information of unconnected 
  ports.


   ***   $sdf_annotate() version 1.2R
   ***    SDF file: "Bicubic_SYN.sdf"
   ***    Annotation scope: testfixture.u_Bicubic
   ***    No MTM selection argument specified
   ***    No SCALE FACTORS argument specified
   ***    No SCALE TYPE argument specified
   ***    MTM selection defaulted to "TOOL_CONTROL":
               (+maxdelays compiled, MAXIMUM delays selected)
   ***    SCALE FACTORS defaulted to "1.0:1.0:1.0":
   ***    SCALE TYPE defaulted to: "FROM_MTM"
   ***    Turnoff delay: "FROM_FILE"
   ***    Approximation (mipd) policy: "MAXIMUM"

   ***    SDF annotation begin: Sat Feb  1 09:03:52 2025


SDF Info: +pulse_r/100, +pulse_e/100 in effect

          Total errors: 0
          Total warnings: 0
   ***    SDF annotation completed: Sat Feb  1 09:03:52 2025



Warning-[DRTZ] Detect delay value roundoff to 0
  Delay from design or SDF file roundoff to 0 based on timescale
  Please use switch -diag timescale to dump detailed information.

Starting vcs inline pass...

Note-[VCS_PARAL] Parallel code-gen enabled
  VCS is running with parallel code generation(-j)...

185 modules and 2 UDPs read.
recompiling module Bicubic
recompiling module CMPR42X1
recompiling module ADDFXL
recompiling module XOR3XL
recompiling module BUFX2
recompiling module BUFX3
recompiling module BUFX4
recompiling module BUFX6
recompiling module BUFX8
recompiling module BUFX12
recompiling module BUFX16
recompiling module BUFX20
recompiling module INVXL
recompiling module INVX1
recompiling module INVX2
recompiling module INVX3
recompiling module INVX4
recompiling module INVX6
recompiling module INVX8
recompiling module INVX12
recompiling module INVX20
recompiling module CLKBUFX3
recompiling module CLKBUFX8
recompiling module CLKINVX1
recompiling module CLKINVX2
recompiling module CLKINVX3
recompiling module CLKINVX6
recompiling module CMPR42X2
recompiling module ADDFX1
recompiling module ADDFX2
recompiling module ADDFHX1
recompiling module ADDFHX2
recompiling module ADDFHX4
recompiling module DFFSRX4
recompiling module DFFRX1
recompiling module DFFRX2
recompiling module DFFRX4
recompiling module DFFSX1
recompiling module ACHCINX2
recompiling module AOI222XL
recompiling module AOI222X1
recompiling module ADDHXL
recompiling module ADDHX1
recompiling module ADDHX2
recompiling module CMPR22X4
recompiling module DFFRHQX1
recompiling module DFFRHQX2
recompiling module DFFRHQX4
recompiling module DFFRHQX8
recompiling module DFFSHQX8
recompiling module AOI221XL
recompiling module AOI221X1
recompiling module AOI22XL
recompiling module AOI22X1
recompiling module AOI22X2
recompiling module AOI22X4
recompiling module AOI2BB2X1
recompiling module AOI2BB2X2
recompiling module AOI2BB2X4
recompiling module AO22X1
recompiling module AO22X2
recompiling module AND2X1
recompiling module AO22X4
recompiling module NAND4BBXL
recompiling module NAND4BBX1
recompiling module NAND4BBX2
recompiling module OAI22XL
recompiling module OAI22X1
recompiling module OAI22X2
recompiling module OAI22X4
recompiling module OAI2BB2XL
recompiling module OAI2BB2X1
recompiling module OAI2BB2X2
recompiling module OAI2BB2X4
recompiling module OA22X1
recompiling module OA22X2
recompiling module OA22X4
recompiling module CLKXOR2X2
recompiling module CLKXOR2X4
recompiling module XOR2X1
recompiling module XOR2X2
recompiling module XOR2X4
recompiling module XNOR2X1
recompiling module XNOR2X2
recompiling module XNOR2X4
recompiling module AOI211X1
recompiling module MXI2X1
recompiling module MXI2X2
recompiling module MXI2X4
recompiling module MXI2X6
recompiling module MXI2X8
recompiling module NAND4BX1
recompiling module NAND4BX2
recompiling module NAND4BX4
recompiling module OAI211XL
recompiling module OAI211X1
recompiling module OAI31XL
recompiling module OAI31X4
recompiling module AOI21XL
recompiling module AOI21X1
recompiling module AOI21X2
recompiling module AOI21X4
recompiling module AOI2BB1X1
recompiling module AOI2BB1X2
recompiling module AOI2BB1X4
recompiling module AO21X1
recompiling module AO21X2
recompiling module AO21X4
recompiling module MX2X1
recompiling module MX2X2
recompiling module NAND4XL
recompiling module NAND4X1
recompiling module NAND4X2
recompiling module NAND4X4
recompiling module NAND4X6
recompiling module NAND3BX1
recompiling module NAND3BX2
recompiling module NAND3BX4
recompiling module NOR4X1
recompiling module NOR3BX1
recompiling module OR4X6
recompiling module OAI21XL
recompiling module OAI21X1
recompiling module OAI21X2
recompiling module OAI21X4
recompiling module OAI2BB1XL
recompiling module OAI2BB1X1
recompiling module OAI2BB1X2
recompiling module OAI2BB1X4
recompiling module OA21XL
recompiling module OA21X2
recompiling module OA21X4
recompiling module CLKMX2X2
recompiling module CLKMX2X3
recompiling module CLKMX2X4
recompiling module CLKMX2X6
recompiling module AND3X2
recompiling module AND3X4
recompiling module AND3X6
recompiling module AND3X8
recompiling module NAND3XL
recompiling module NAND3X1
recompiling module NAND3X2
recompiling module NAND3X4
recompiling module NAND3X6
recompiling module NAND3X8
recompiling module NAND2BX1
recompiling module NAND2BX2
recompiling module NAND2BX4
recompiling module NOR3XL
recompiling module NOR3X1
recompiling module NOR3X2
recompiling module NOR3X4
recompiling module NOR3X6
recompiling module NOR2BX1
recompiling module NOR2BX2
recompiling module NOR2BX4
recompiling module OR3X2
recompiling module AND2X2
recompiling module AND2X4
recompiling module AND2X6
recompiling module AND2X8
recompiling module NAND2XL
recompiling module NAND2X1
recompiling module NAND2X2
recompiling module NAND2X4
recompiling module NAND2X6
recompiling module NAND2X8
recompiling module NOR2XL
recompiling module NOR2X1
recompiling module NOR2X2
recompiling module NOR2X4
recompiling module NOR2X6
recompiling module NOR2X8
recompiling module OR2X1
recompiling module OR2X2
recompiling module OR2X4
recompiling module OR2X6
recompiling module OR2X8
recompiling module CLKAND2X3
recompiling module CLKAND2X8
	However, due to incremental compilation, only 181 modules need to be compiled. 
make[1]: Entering directory `/home/M13/m0bochun/IC_Contest/2024/2024_gard_cell/03_GATE/csrc' \

rm -f _cuarc*.so _csrc*.so pre_vcsobj_*.so share_vcsobj_*.so
if [ -x ../simv ]; then chmod a-x ../simv; fi
g++  -o ../simv      -rdynamic  -Wl,-rpath='$ORIGIN'/simv.daidir -Wl,-rpath=./simv.daidir \
-Wl,-rpath=/usr/cad/synopsys/vcs/2023.03/linux64/lib -L/usr/cad/synopsys/vcs/2023.03/linux64/lib \
-Wl,-rpath-link=./  /usr/lib64/libnuma.so.1   objs/amcQw_d.o   _21593_archive_1.so \
_21616_archive_1.so _21617_archive_1.so _21618_archive_1.so _21619_archive_1.so _prev_archive_1.so \
objs/udps/U7Vwg.o objs/udps/exIG1.o  SIM_l.o      rmapats_mop.o rmapats.o rmar.o \
rmar_nd.o  rmar_llvm_0_1.o rmar_llvm_0_0.o            -lvirsim -lerrorinf -lsnpsmalloc \
-lvfs /usr/cad/synopsys/verdi/2023.03//share/PLI/VCS/linux64/pli.a    -lvcsnew -lsimprofile \
-luclinative /usr/cad/synopsys/vcs/2023.03/linux64/lib/vcs_tls.o   -Wl,-whole-archive \
-lvcsucli    -Wl,-no-whole-archive        _vcs_pli_stub_.o   /usr/cad/synopsys/vcs/2023.03/linux64/lib/vcs_save_restore_new.o \
/usr/cad/synopsys/verdi/2023.03/share/PLI/VCS/LINUX64/pli.a -ldl -lm  -lc -lpthread \
-ldl 
../simv up to date
make[1]: Leaving directory `/home/M13/m0bochun/IC_Contest/2024/2024_gard_cell/03_GATE/csrc' \

Command: /home/M13/m0bochun/IC_Contest/2024/2024_gard_cell/03_GATE/./simv +v2k -a vcs.log +define+GATE +maxdelays +neg_tchk +nowarnNTCDSN
Chronologic VCS simulator copyright 1991-2023
Contains Synopsys proprietary information.
Compiler version U-2023.03_Full64; Runtime version U-2023.03_Full64;  Feb  1 09:03 2025
Doing SDF annotation ...... Done
*Verdi* Loading libsscore_vcs202303.so
FSDB Dumper for VCS, Release Verdi_U-2023.03, Linux x86_64/64bit, 02/16/2023
(C) 1996 - 2023 by Synopsys, Inc.
*Verdi* FSDB WARNING: The FSDB file already exists. Overwriting the FSDB file may crash the programs that are using this file.
*Verdi* : Create FSDB file 'Bicubic_SYN.fsdb'
*Verdi* : Begin traversing the scopes, layer (0).
*Verdi* : End of traversing.
*******************************
** Simulation Start          **
*******************************

"../04_MEM/ImgROM.v", 337: Timing violation in testfixture.u_Bicubic.u_ImgROM
    $setuphold( posedge CLK &&& re_flag:3.00 ns, negedge A[5]:2.90 ns, limits: (0.53 ns,0.00 ns) );

"../04_MEM/ImgROM.v", 335: Timing violation in testfixture.u_Bicubic.u_ImgROM
    $setuphold( posedge CLK &&& re_flag:3.00 ns, negedge A[4]:2.90 ns, limits: (0.53 ns,0.00 ns) );

"../04_MEM/ImgROM.v", 333: Timing violation in testfixture.u_Bicubic.u_ImgROM
    $setuphold( posedge CLK &&& re_flag:3.00 ns, negedge A[3]:2.83 ns, limits: (0.53 ns,0.00 ns) );

"../04_MEM/ImgROM.v", 331: Timing violation in testfixture.u_Bicubic.u_ImgROM
    $setuphold( posedge CLK &&& re_flag:3.00 ns, negedge A[2]:2.61 ns, limits: (0.57 ns,0.00 ns) );

"../04_MEM/ResultSRAM.v", 450: Timing violation in testfixture.u_Bicubic.u_ResultSRAM
    $setuphold( posedge CLK &&& re_flag:3.00 ns, posedge WEN:2.61 ns, limits: (0.57 ns,0.00 ns) );

== PATTERN pattern1
---- orgin ( 10 ,  68), size  13 x  13
  [1;34m  0[0m[1;34m  1[0m[1;34m  2[0m[1;34m  3[0m[1;34m  4[0m[1;34m  5[0m[1;34m  6[0m[1;34m  7[0m[1;34m  8[0m[1;34m  9[0m[1;34m 10[0m[1;34m 11[0m[1;34m 12[0m
[1;34m 0[0m 3f 4c 4c 4f 4f 4f 3a 36 4f 4e 4c 4b 4a
[1;34m 1[0m 4c 0f 1c 4e 4f 4f 38 35 4e 4d 4d 4b 4a
[1;34m 2[0m 4a 3a 49 4a 4e 4e 38 35 4d 4c 4c 4b 4a
[1;34m 3[0m 49 4a 0c 02 45 46 32 2f 45 44 43 43 42
[1;34m 4[0m 48 4a 3b 76 06 22 19 19 22 20 20 20 1f
[1;34m 5[0m 46 49 49 1c 22 4b 36 34 4c 4c 4b 4b 4a
[1;34m 6[0m 2a 46 49 4a 26 16 35 32 4c 4c 4b 4b 4a
[1;34m 7[0m 46 44 46 49 40 50 16 32 4b 4b 4b 4b 4a
[1;34m 8[0m bb 06 46 46 48 2c 5c 27 4b 4a 4a 4b 4a
[1;34m 9[0m ab 99 2a 46 46 48 13 3e 48 4a 4a 4a 4a
[1;34m10[0m 51 bc 5e 3c 46 46 46 1a 13 4a 4a 4a 4a
[1;34m11[0m 1a 7c bd 27 45 46 46 46 1c 01 4a 4a 49
[1;34m12[0m 1c 30 b0 bc 06 46 46 46 44 32 06 4a 49
---- resize  19 x  19
  [1;34m  0[0m[1;34m  1[0m[1;34m  2[0m[1;34m  3[0m[1;34m  4[0m[1;34m  5[0m[1;34m  6[0m[1;34m  7[0m[1;34m  8[0m[1;34m  9[0m[1;34m 10[0m[1;34m 11[0m[1;34m 12[0m[1;34m 13[0m[1;34m 14[0m[1;34m 15[0m[1;34m 16[0m[1;34m 17[0m[1;34m 18[0m
[1;34m 0[0m 3f 48 4d 4c 4e 4f 4f 51 49 3a 35 3d 4f 4f 4d 4c 4b 4b 4a
[1;34m 1[0m 4a 2c 1d 27 43 52 4f 51 48 39 34 3c 4e 4e 4d 4d 4c 4b 4a
[1;34m 2[0m 4c 25 16 28 45 52 4f 51 48 38 33 3c 4e 4e 4d 4d 4c 4b 4a
[1;34m 3[0m 4a 3e 3d 49 4a 4b 4e 50 48 38 33 3c 4d 4d 4c 4c 4b 4b 4a
[1;34m 4[0m 49 4b 3a 1c 0e 20 4c 50 45 36 31 39 4a 4a 49 48 48 48 47
[1;34m 5[0m 49 4e 3b 15 1d 27 31 39 35 29 26 2c 38 38 37 36 36 36 35
[1;34m 6[0m 48 4b 44 3b 6c 58 06 16 21 19 18 1c 22 21 20 20 20 20 1f
[1;34m 7[0m 49 4b 4a 47 3e 2b 17 35 3e 2d 29 31 3e 3f 3e 3d 3d 3d 3c
[1;34m 8[0m 3d 45 4b 4a 2f 20 24 36 3d 39 34 3d 4f 50 4f 4e 4e 4e 4d
[1;34m 9[0m 2a 39 49 49 4c 40 26 17 1e 35 32 39 4c 4d 4c 4b 4b 4b 4a
[1;34m10[0m 34 3e 4a 47 4b 46 38 3f 34 1a 28 3b 4b 4c 4b 4b 4b 4b 4a
[1;34m11[0m 6b 3a 2f 47 49 47 44 49 40 2b 2a 36 4b 4c 4b 4b 4b 4b 4a
[1;34m12[0m bb 38 0c 46 48 48 48 31 3a 5c 36 2e 4b 4c 4a 4a 4b 4b 4a
[1;34m13[0m bb 89 51 2e 3e 49 47 43 36 27 32 41 4d 4c 4a 4a 4a 4a 4a
[1;34m14[0m 91 b5 8d 34 3b 45 46 4b 3c 1d 2b 36 38 47 4d 4a 4a 4a 4a
[1;34m15[0m 51 a5 a9 5e 42 3c 46 46 48 46 28 13 13 39 4e 4a 4a 4a 4a
[1;34m16[0m 27 74 a7 a4 46 24 4a 49 47 48 3f 2d 14 0d 25 4f 4e 4a 49
[1;34m17[0m 16 43 88 c5 7b 3e 2c 3f 4a 46 4a 41 28 0e 13 35 47 4d 49
[1;34m18[0m 1c 21 57 b0 cb 85 06 2c 4b 46 46 46 44 3b 21 06 34 4f 49
---- error count           0
== PATTERN pattern2
---- orgin ( 81 ,  18), size  17 x  15
  [1;34m  0[0m[1;34m  1[0m[1;34m  2[0m[1;34m  3[0m[1;34m  4[0m[1;34m  5[0m[1;34m  6[0m[1;34m  7[0m[1;34m  8[0m[1;34m  9[0m[1;34m 10[0m[1;34m 11[0m[1;34m 12[0m[1;34m 13[0m[1;34m 14[0m[1;34m 15[0m[1;34m 16[0m
[1;34m 0[0m 3a 39 38 1f 8d ca 8f 6a 6c 6e 6e 71 75 77 78 7f 80
[1;34m 1[0m 27 3a 39 38 16 a4 bc 7c 69 6b 6d 6e 72 76 7c 7b 7a
[1;34m 2[0m 5c 2d 3a 3a 39 06 c8 b6 6e 69 6b 6d 72 7a 78 76 78
[1;34m 3[0m 17 55 2b 3b 3a 39 22 c7 ac 68 69 6e 79 75 72 73 75
[1;34m 4[0m 3f 06 71 3a 3b 3a 34 57 c7 8f 6b 77 72 6e 6e 71 73
[1;34m 5[0m 40 3f 57 12 3d 3c 3b 26 95 bc 7d 6e 6a 6b 6d 70 7b
[1;34m 6[0m 41 40 06 44 16 3d 3d 3b 06 d1 af 66 67 69 6b 78 7e
[1;34m 7[0m 41 41 0e 2e 60 2f 3e 3d 38 58 c6 82 66 67 6e 74 71
[1;34m 8[0m 41 41 0e 41 11 30 3f 3e 3d 1c c3 b1 67 66 6b 6b 6c
[1;34m 9[0m 25 25 06 25 25 53 01 3f 3e 3d 24 c4 8e 64 67 68 6a
[1;34m10[0m 2f 2e 0c 2e 2e 14 65 3c 3f 3e 2c a9 b1 65 64 66 68
[1;34m11[0m 43 43 10 43 43 43 06 05 41 40 3f 22 c2 89 63 65 6b
[1;34m12[0m 43 43 11 43 43 43 3c 5e 3a 41 40 2c ac b7 62 68 78
[1;34m13[0m 43 43 11 44 45 44 43 06 01 41 41 3f 2a c1 85 75 72
[1;34m14[0m 43 43 11 44 45 45 45 3b 5d 3c 41 40 1c c0 af 6b 64
---- resize  22 x  28
  [1;34m  0[0m[1;34m  1[0m[1;34m  2[0m[1;34m  3[0m[1;34m  4[0m[1;34m  5[0m[1;34m  6[0m[1;34m  7[0m[1;34m  8[0m[1;34m  9[0m[1;34m 10[0m[1;34m 11[0m[1;34m 12[0m[1;34m 13[0m[1;34m 14[0m[1;34m 15[0m[1;34m 16[0m[1;34m 17[0m[1;34m 18[0m[1;34m 19[0m[1;34m 20[0m[1;34m 21[0m
[1;34m 0[0m 3a 3a 3a 2f 21 79 bb be 8a 6d 69 6d 6e 6e 70 73 76 77 77 7b 80 80
[1;34m 1[0m 2d 37 3c 34 27 3c 95 c6 a3 75 69 6a 6c 6d 6e 71 74 76 79 7c 7e 7d
[1;34m 2[0m 28 35 3b 3a 37 11 63 b5 ba 86 6e 68 6b 6d 6d 70 73 76 7b 7c 7b 7a
[1;34m 3[0m 49 34 34 3c 3a 24 2c 72 d3 a6 78 64 6a 6c 6c 6f 72 79 7a 7a 78 79
[1;34m 4[0m 5a 37 31 3a 3a 3d 0c 37 c8 bf 8b 69 69 6b 6c 6f 73 7a 79 77 76 78
[1;34m 5[0m 31 48 3a 2d 3b 3d 25 2b 6b c4 af 7e 63 69 6c 71 77 78 76 74 74 76
[1;34m 6[0m 17 47 41 30 3b 3a 3d 2c 25 b0 c3 97 66 68 6c 73 79 74 72 72 73 75
[1;34m 7[0m 2e 1c 3f 58 3d 3a 3d 32 2a 75 b6 b1 78 69 70 76 74 70 70 70 71 73
[1;34m 8[0m 41 0b 41 6b 34 3a 3c 38 36 43 9e bf 8f 6e 72 75 70 6d 6e 6f 71 74
[1;34m 9[0m 41 2b 4f 58 1a 39 3f 3b 38 29 82 bb a9 78 70 6f 6c 6c 6d 6e 71 78
[1;34m10[0m 40 42 4a 3e 17 31 3c 3d 3a 23 59 a0 c1 8a 71 69 69 6b 6c 6e 73 7c
[1;34m11[0m 41 44 2a 1e 38 1d 2e 40 3c 36 1d 65 db a8 75 62 68 6a 6a 70 78 7e
[1;34m12[0m 41 45 1b 0e 44 26 2f 3d 3e 40 0b 42 c8 bb 80 63 66 69 6a 71 7a 7c
[1;34m13[0m 41 45 21 0f 34 52 42 33 3f 3e 2a 40 83 c1 92 6c 65 67 6c 72 76 74
[1;34m14[0m 42 46 25 13 33 52 3e 30 41 3d 3c 38 50 c5 a8 79 62 67 6c 70 72 6f
[1;34m15[0m 43 47 24 18 3f 23 24 35 44 3e 3f 2c 32 c5 bf 89 60 66 6b 6c 6d 6d
[1;34m16[0m 3a 3d 1f 15 3b 15 28 39 2d 3c 41 2e 2a 91 bb 9e 6a 66 69 6a 6a 6b
[1;34m17[0m 28 2b 15 0c 29 20 43 3c 04 38 41 3c 36 34 a0 b6 7e 65 66 69 68 6a
[1;34m18[0m 25 27 13 0c 26 27 3a 37 1f 3d 40 41 3a 15 92 c1 91 64 63 67 67 69
[1;34m19[0m 2d 2e 19 11 2d 2e 1c 2d 60 43 3d 40 3b 24 8a be a2 65 62 65 66 68
[1;34m20[0m 37 39 1e 15 37 38 26 2c 49 28 35 42 3d 31 5f 9d b4 72 64 64 66 68
[1;34m21[0m 42 45 24 19 43 43 44 30 08 02 2c 45 40 3e 26 6b c3 87 69 61 66 6a
[1;34m22[0m 44 48 26 19 45 45 49 37 13 23 39 43 41 42 1a 5f c7 a0 6d 5e 68 71
[1;34m23[0m 43 46 25 19 44 44 43 3f 3b 5a 49 3c 41 41 27 61 bb b7 74 5d 6b 78
[1;34m24[0m 43 46 25 19 44 45 44 44 42 3d 26 27 43 41 33 4a 83 be 84 69 71 77
[1;34m25[0m 43 46 25 1a 45 46 45 46 3f 0d 00 17 44 41 40 2f 42 be 98 79 74 72
[1;34m26[0m 43 46 25 1a 45 46 45 46 41 1c 26 37 42 41 44 27 2f c3 ae 85 6e 6b
[1;34m27[0m 43 46 25 1a 45 46 45 45 44 3a 53 54 3b 41 43 29 31 bc bd 8e 65 64
---- error count           0
== PATTERN pattern3
---- orgin ( 45 ,  45), size  16 x  29
  [1;34m  0[0m[1;34m  1[0m[1;34m  2[0m[1;34m  3[0m[1;34m  4[0m[1;34m  5[0m[1;34m  6[0m[1;34m  7[0m[1;34m  8[0m[1;34m  9[0m[1;34m 10[0m[1;34m 11[0m[1;34m 12[0m[1;34m 13[0m[1;34m 14[0m[1;34m 15[0m
[1;34m 0[0m 4b 4d 4f 50 48 27 51 51 50 4e 4b 4a b9 be c0 c4
[1;34m 1[0m 13 39 52 53 4d 2c 54 54 52 50 4e 48 b5 ba be c2
[1;34m 2[0m ae ac 1f 39 4f 2f 58 57 55 54 51 45 b3 b7 bb bf
[1;34m 3[0m ac a9 a7 a6 25 13 5a 5a 57 56 53 42 b0 b4 b9 bd
[1;34m 4[0m aa a8 a6 a4 a3 8c 15 4c 4b 48 45 4f af b2 b7 bb
[1;34m 5[0m a9 a7 a4 a3 a0 a0 93 0c 3e 3c 3a 5a ad b2 b5 ba
[1;34m 6[0m a9 a6 a4 a1 a0 a0 9f 52 57 5a 57 3e ac b1 b4 b9
[1;34m 7[0m 1c 5c a4 a1 a0 9f 9e 9f 2b 5b 58 3e ac b1 b5 b9
[1;34m 8[0m 55 45 45 a2 a1 a0 9f a0 04 5a 58 3f ad b1 b5 b9
[1;34m 9[0m 54 56 30 a4 a2 a1 a1 a2 10 59 57 40 ae b1 b6 ba
[1;34m10[0m 52 54 38 a5 a4 a3 a3 a3 04 57 55 42 af b3 b7 bc
[1;34m11[0m 4f 50 17 a7 a7 a6 a6 a6 0f 54 52 44 b2 b5 ba be
[1;34m12[0m 06 49 ad ab aa a9 a9 a9 3b 51 4f 46 b5 b8 bc c1
[1;34m13[0m b4 b1 b0 ae ad ac ad 1c 4f 4e 4c 4a b8 bb bf c4
[1;34m14[0m b8 b5 b3 b2 b1 b0 43 44 4c 4b 48 4e bc bf c3 c7
[1;34m15[0m bc ba b8 b5 a9 4e 32 3d 3b 3a 38 5d c0 c4 c7 cb
[1;34m16[0m c1 8b 63 32 01 0c 20 1f 1e 1c 1a 45 59 5c 5f 5f
[1;34m17[0m 32 3b 3d 3e 36 17 3f 3f 3d 3b 3a 37 35 32 2f 29
[1;34m18[0m 34 35 37 38 31 12 3a 39 38 36 35 32 30 2d 2c 26
[1;34m19[0m 30 32 32 32 2b 0c 34 34 32 31 2f 2e 2c 2a 27 22
[1;34m20[0m 2d 2d 2e 30 27 06 2e 2e 2d 2d 2b 2a 29 27 25 20
[1;34m21[0m 2a 2a 2b 2b 22 02 2b 2a 29 29 29 27 25 24 22 1f
[1;34m22[0m 27 27 27 27 1f 01 27 27 25 26 25 22 22 20 20 1c
[1;34m23[0m 26 25 25 25 1c 04 24 24 22 22 20 20 20 20 20 1c
[1;34m24[0m 24 24 24 22 1a 05 22 22 20 20 20 1f 1f 1f 1e 1a
[1;34m25[0m 22 22 22 22 1a 06 20 20 20 20 1f 1f 1f 1f 1f 1a
[1;34m26[0m 1a 1a 17 18 11 0c 18 18 18 17 16 16 16 16 16 11
[1;34m27[0m 06 06 0c 0f 18 25 1f 22 27 2c 30 30 32 34 37 3a
[1;34m28[0m 22 22 22 20 19 06 20 20 1f 20 1f 1a 19 16 16 15
---- resize  26 x  37
  [1;34m  0[0m[1;34m  1[0m[1;34m  2[0m[1;34m  3[0m[1;34m  4[0m[1;34m  5[0m[1;34m  6[0m[1;34m  7[0m[1;34m  8[0m[1;34m  9[0m[1;34m 10[0m[1;34m 11[0m[1;34m 12[0m[1;34m 13[0m[1;34m 14[0m[1;34m 15[0m[1;34m 16[0m[1;34m 17[0m[1;34m 18[0m[1;34m 19[0m[1;34m 20[0m[1;34m 21[0m[1;34m 22[0m[1;34m 23[0m[1;34m 24[0m[1;34m 25[0m
[1;34m 0[0m 4b 4d 4d 4f 50 50 4d 42 29 34 51 53 51 50 4f 4e 4c 49 43 73 b9 c1 bf c0 c5 c4
[1;34m 1[0m 12 20 3c 51 57 54 52 46 2d 38 53 55 53 52 50 4f 4e 4b 42 71 b6 be bc be c4 c2
[1;34m 2[0m 68 75 6e 37 2c 3d 4d 4d 33 3c 56 58 56 54 53 52 51 4c 41 6e b4 bb b9 bb c2 c0
[1;34m 3[0m b9 be a2 53 45 57 4a 37 23 36 5b 5c 59 57 56 55 54 4e 3f 6c b2 b9 b7 b9 be be
[1;34m 4[0m ac a9 aa ac b3 ab 5d 21 17 2e 54 5b 5a 57 56 55 54 4d 3e 6b b0 b7 b5 b8 bb bd
[1;34m 5[0m aa a9 a8 a7 a6 a5 a0 97 8c 54 14 35 53 4e 4b 4a 47 46 46 73 af b5 b3 b6 b9 bb
[1;34m 6[0m a9 a8 a7 a5 a4 a3 a5 a5 a3 8f 6a 33 1a 38 41 3d 39 3e 4f 7b ae b4 b3 b5 b8 ba
[1;34m 7[0m b1 b0 a9 a4 a3 a2 a0 a0 a1 a8 a1 4f 20 42 4d 48 46 45 48 72 ac b4 b3 b3 b6 ba
[1;34m 8[0m 8f 98 9d a4 a5 a1 a0 a0 a0 a2 a0 7c 5e 53 55 5c 5d 53 3a 64 ac b4 b2 b3 b7 b9
[1;34m 9[0m 1c 3c 6b 9a a8 a1 a0 a0 9f 9f 9e a7 8d 3a 35 5b 5d 52 3b 65 ac b4 b2 b4 ba b9
[1;34m10[0m 48 45 47 50 74 a2 a5 a1 a0 a0 9f ab 89 1b 1d 5a 5f 52 3c 66 ad b4 b2 b4 bb b9
[1;34m11[0m 58 53 47 30 5c a3 a7 a1 a0 a0 a0 ac 89 1c 1d 5a 5e 52 3c 67 ae b5 b2 b5 bc b9
[1;34m12[0m 53 58 4f 30 5a a4 a9 a3 a2 a2 a2 ad 8b 1f 1f 58 5c 51 3d 68 ae b5 b3 b5 bc bb
[1;34m13[0m 52 55 4d 32 5d a5 aa a4 a3 a3 a3 ae 8a 17 18 57 5b 50 3e 69 af b6 b4 b6 bd bc
[1;34m14[0m 52 56 45 12 46 a7 ae a7 a6 a6 a6 b1 8d 1f 1c 54 58 4e 3f 6c b2 b9 b6 b9 c0 be
[1;34m15[0m 0f 2b 4f 74 93 aa ab a9 a8 a7 a8 b8 9f 3f 31 52 53 4d 40 6e b4 bb b8 ba c1 c0
[1;34m16[0m 4c 60 83 b0 b8 ac ab ab aa b0 b1 88 60 4a 47 50 4f 4b 41 71 b6 bd ba bc c3 c2
[1;34m17[0m c0 bc b7 b2 af af ae af b0 ad 9b 46 19 46 53 4e 4c 4a 44 74 b9 c0 bd bf c6 c5
[1;34m18[0m b8 b6 b5 b3 b3 b2 b1 b3 b7 87 43 3e 45 4b 4c 4b 49 47 46 78 bc c3 c0 c2 c9 c7
[1;34m19[0m bb bc bd bc bd bd bf aa 73 4b 34 3a 41 41 40 3f 3b 40 50 86 c6 ce cb cc d3 d2
[1;34m20[0m c9 b4 9f 90 7e 6a 54 3e 27 20 25 28 29 28 27 26 22 2a 47 69 88 8d 8d 8f 91 91
[1;34m21[0m 97 81 69 58 43 2c 11 03 07 16 28 28 26 25 24 23 20 26 3a 44 47 48 48 4a 49 47
[1;34m22[0m 2c 33 38 3b 3d 3e 3d 32 19 24 40 42 40 3e 3d 3c 3b 3b 37 35 33 31 2f 2e 2c 26
[1;34m23[0m 33 35 35 37 39 39 37 2c 15 20 3b 3c 3a 39 38 37 36 36 34 31 30 2e 2d 2c 2b 26
[1;34m24[0m 31 32 33 34 34 34 32 27 10 1b 36 38 36 34 34 33 32 31 30 2e 2d 2c 2a 29 28 23
[1;34m25[0m 2f 2f 30 30 30 31 2f 23 0b 16 31 33 31 30 30 2f 2e 2d 2c 2c 2b 2a 28 27 25 21
[1;34m26[0m 2c 2c 2c 2d 2e 2f 2c 20 07 12 2d 2f 2d 2c 2c 2c 2b 2a 29 29 28 27 26 25 24 20
[1;34m27[0m 2a 2a 2a 2b 2c 2b 28 1c 04 0f 2b 2c 2a 29 29 29 29 29 27 26 25 24 24 22 22 1f
[1;34m28[0m 28 28 28 28 28 28 25 1a 03 0d 28 2a 28 26 26 27 27 25 23 23 23 22 21 20 1f 1d
[1;34m29[0m 26 26 26 26 26 26 22 18 04 0d 25 27 25 23 23 24 23 21 21 21 21 20 20 20 1f 1c
[1;34m30[0m 25 25 25 25 25 24 20 17 05 0e 23 25 23 21 21 21 20 20 20 20 20 20 20 1f 1e 1b
[1;34m31[0m 24 24 24 24 24 22 1e 16 06 0e 22 24 22 20 20 20 20 20 1f 1f 1f 1f 1f 1e 1d 1a
[1;34m32[0m 22 22 22 23 23 22 1e 16 07 0e 20 22 20 20 20 20 1f 1f 1f 1f 1f 1f 1f 1f 1e 1a
[1;34m33[0m 1e 1e 1e 1b 1b 1c 17 11 09 0e 1a 1b 19 19 19 18 17 17 17 17 17 17 16 16 14 11
[1;34m34[0m 0f 0f 10 10 11 13 13 15 18 1a 1a 1b 1c 1e 1f 20 21 22 22 22 23 23 24 25 25 24
[1;34m35[0m 09 09 0a 0e 10 11 16 1b 21 22 20 21 23 26 28 2b 2e 2f 2e 2e 2f 30 31 32 34 36
[1;34m36[0m 22 22 22 22 22 20 1d 15 07 0e 20 21 20 1f 1f 20 20 1e 1b 19 19 17 16 16 16 15
---- error count           0

********************************
**   Finish Simulation    
**   Error pixels:        0 
**   Simulation time:  319341.00 ns  
********************************
$finish called from file "tb.sv", line 236.
$finish at simulation time         319341.00 ns
           V C S   S i m u l a t i o n   R e p o r t 
Time: 319341000 ps
CPU Time:     83.250 seconds;       Data structure size:   2.5Mb
Sat Feb  1 09:04:46 2025
CPU time: 3.460 seconds to compile + .849 seconds to elab + 1.002 seconds to link + 83.316 seconds in simulation
